"input_id","source_timestamp","timestamp_precision","symbol","holder","transaction_type","source_title","source_body","ownership_before_pct","ownership_after_pct","ownership_delta_pp","holding_before","holding_after","shares_transacted","transaction_value_idr","source_url","prior_1_source_timestamp","prior_1_transaction_type","prior_1_ownership_before_pct","prior_1_ownership_after_pct","prior_1_ownership_delta_pp","prior_1_source_title","prior_1_source_body","prior_2_source_timestamp","prior_2_transaction_type","prior_2_ownership_before_pct","prior_2_ownership_after_pct","prior_2_ownership_delta_pp","prior_2_source_title","prior_2_source_body","prior_3_source_timestamp","prior_3_transaction_type","prior_3_ownership_before_pct","prior_3_ownership_after_pct","prior_3_ownership_delta_pp","prior_3_source_title","prior_3_source_body","reviewer_1_label","reviewer_2_label","reviewer_3_label"
"0123a6d5-7e59-41e7-8806-0b765f51e295","2026-09-23T11:54:00","second","NSSS.JK","Samuel Tumbuh Bersama","others","Change in Samuel Tumbuh Bersama's position in Nusantara Sawit Sejahtera","Samuel Tumbuh Bersama executed a transaction for 1,839,440,400 shares of Nusantara Sawit Sejahtera. This decreases their holdings from 7,686,357,300 to 5,846,916,900 shares. The stated purpose of the transaction was share borrowing.","32.29","24.57","-7.72","7686357300","5846916900","1839440400","0","https://www.idx.co.id/StaticData/NewsAndAnnouncement/ANNOUNCEMENTSTOCK/From_KSEI/LK-23092026-2558-00.pdf-0.pdf","2026-09-23T11:50:18","others","36.75","32.29","-4.46","Change in Samuel Tumbuh Bersama's position in Nusantara Sawit Sejahtera","Samuel Tumbuh Bersama executed a transaction for 1,059,583,200 shares of Nusantara Sawit Sejahtera. This decreases their holdings from 8,745,950,500 to 7,686,357,300 shares. The stated purpose of the transaction was share borrowing.","2026-09-21T11:06:55","others","14.07","21.63","7.56","Change in Samuel Tumbuh Bersama's position in Nusantara Sawit Sejahtera","Samuel Tumbuh Bersama executed a transaction for 1,798,550,000 shares of Nusantara Sawit Sejahtera. This increases their holdings from 3,349,088,700 to 5,147,638,700 shares. The stated purpose of the transaction was share repurchase.","","","","","","","","","",""
"08d248f7-5a1b-4109-8e9a-e31f92f20b6e","2026-09-22T10:48:36","second","TRUK.JK","Pukul Rata Kanan","buy","Pukul Rata Kanan buys shares of Guna Timur Raya","This transaction is part of a cluster-buy transaction amidst other insider buys during the last 6 months. Pukul Rata Kanan's insider purchase comes after Republik Capital Indonesia, Suganto Gunawan, Suminto Husin Giman and Suwito in Guna Timur Raya, totaling an accumulation of 152,250,000 shares transacted at an average price of IDR 297.","0","15","15","0","65250000","65250000","27927000000","https://www.idx.co.id/StaticData/NewsAndAnnouncement/ANNOUNCEMENTSTOCK/From_KSEI/LK-22092026-1723-00.pdf-0.pdf","","","","","","","","","","","","","","","","","","","","","","","",""
"095113ba-f818-4751-a5ad-1f625ba9a0a5","2026-09-23T15:04:47","second","DEWI.JK","Sujito Ngatiman","buy","Sujito Ngatiman buys shares of Dewi Shri Farmindo","This is Sujito Ngatiman's 8th insider purchase in the last 6 months, totaling an accumulation of 55,323,630 shares transacted at an average price of IDR 145. Sujito Ngatiman's ownership in Dewi Shri Farmindo has increased from 7.52% to 8.23% in this period.","7.52","8.23","0.71","150461800","167761800","17300000","2681500000","https://www.idx.co.id/StaticData/NewsAndAnnouncement/ANNOUNCEMENTSTOCK/From_KSEI/LK-23092026-2121-00.pdf-0.pdf","2026-09-23T14:55:25","buy","7.53","8.05","0.52","Sujito Ngatiman buys shares of Dewi Shri Farmindo","This is Sujito Ngatiman's 7th insider purchase in the last 6 months, totaling an accumulation of 38,023,630 shares transacted at an average price of IDR 140. Sujito Ngatiman's ownership in Dewi Shri Farmindo has increased from 7.53% to 8.05% in this period.","2026-09-23T14:50:05","sell","8.19","7.53","-0.66","Sujito Ngatiman sells shares of Dewi Shri Farmindo","This is Sujito Ngatiman's 5th insider disposal in the last 6 months, totaling a distribution of 25,082,900 shares transacted at an average price of IDR 137. Sujito Ngatiman's ownership in Dewi Shri Farmindo has decreased from 8.19% to 7.53% in this period.","2026-09-23T14:44:11","buy","7.42","8.06","0.64","Sujito Ngatiman buys shares of Dewi Shri Farmindo","This is Sujito Ngatiman's 6th insider purchase in the last 6 months, totaling an accumulation of 27,523,630 shares transacted at an average price of IDR 134. Sujito Ngatiman's ownership in Dewi Shri Farmindo has increased from 7.42% to 8.06% in this period.","","",""
"0c8c5090-ab7c-4c72-bafe-995e7e87aa1c","2026-09-24T09:22:05","second","MRAT.JK","Jodi Andrea Suryo Kusumo","buy","Jodi Andrea Suryo Kusumo buys shares of Mustika Ratu","Jodi Andrea Suryo Kusumo bought 12,500 shares of Mustika Ratu. This increases their holdings from 74,700 to 87,200 shares. The stated purpose of the transaction was investment.","0.017","0.02","0.003","74700","87200","12500","4483200","https://www.idx.co.id/StaticData/NewsAndAnnouncement/ANNOUNCEMENTSTOCK/From_KSEI/LK-24092026-7659-00.pdf-0.pdf","","","","","","","","","","","","","","","","","","","","","","","",""
"0cd758fe-e3e7-4695-829e-6b90884a4e81","2026-09-22T16:08:37","second","IMPC.JK","Tunggal Jaya Investama","buy","Tunggal Jaya Investama buys shares of Impack Pratama Industri","This transaction is part of a cluster-buy transaction amidst other insider buys during the last 6 months. Tunggal Jaya Investama's insider purchase comes after Harimas Tunggal Perkasa, Haryanto Tjiptodihardjo, Impack Pratama Industri and Phillip Tjipto in Impack Pratama Industri, totaling an accumulation of 2,348,231,157 shares transacted at an average price of IDR 1,355.","38.42","38.43","0.01","21096067194","21102392294","6325100","10574201600","https://www.idx.co.id/StaticData/NewsAndAnnouncement/ANNOUNCEMENTSTOCK/From_KSEI/LK-22092026-6940-00.pdf-0.pdf","2026-09-18T17:32:26","buy","38.42","38.42","0","Tunggal Jaya Investama buys shares of Impack Pratama Industri","This transaction is part of a cluster-buy transaction amidst other insider buys during the last 6 months. Tunggal Jaya Investama's insider purchase comes after Harimas Tunggal Perkasa, Haryanto Tjiptodihardjo, Impack Pratama Industri and Phillip Tjipto in Impack Pratama Industri, totaling an accumulation of 2,341,906,057 shares transacted at an average price of IDR 1,354.","","","","","","","","","","","","","","","","",""
"107efca8-6de4-4c5b-a34e-cfc1fc7ab622","2026-09-17T16:42:31","second","TRJA.JK","Damai Investama Sukses","sell","Damai Investama Sukses sells shares of Transkon Jaya","This is Damai Investama Sukses's 7th insider disposal in the last 6 months, totaling a distribution of 16,209,400 shares transacted at an average price of IDR 146. Damai Investama Sukses's ownership in Transkon Jaya has decreased from 5.26% to 4.61% in this period.","5.26","4.61","-0.65","79496700","69636000","9860700","1497114900","https://www.idx.co.id/StaticData/NewsAndAnnouncement/ANNOUNCEMENTSTOCK/From_KSEI/LK-17092026-6141-00.pdf-0.pdf","","","","","","","","","","","","","","","","","","","","","","","",""
"10d68fcc-d2a2-484f-bf7c-85b4295821a2","2026-09-23T11:41:36","second","MKPI.JK","Samuel Tumbuh Bersama","others","Change in Samuel Tumbuh Bersama's position in Metropolitan Kentjana","Samuel Tumbuh Bersama executed a transaction for 49,400,000 shares of Metropolitan Kentjana. This decreases their holdings from 56,800,000 to 7,400,000 shares. The stated purpose of the transaction was securities lending.","5.99","0.78","-5.21","56800000","7400000","49400000","0","https://www.idx.co.id/StaticData/NewsAndAnnouncement/ANNOUNCEMENTSTOCK/From_KSEI/LK-23092026-6148-00.pdf-0.pdf","2026-09-21T10:56:01","others","3.1","5.33","2.23","Change in Samuel Tumbuh Bersama's position in Metropolitan Kentjana","Samuel Tumbuh Bersama executed a transaction for 21,100,000 shares of Metropolitan Kentjana. This increases their holdings from 29,400,000 to 50,500,000 shares. The stated purpose of the transaction was share repurchase.","","","","","","","","","","","","","","","","",""
"12d49aed-3d05-4e82-8008-d9765fd38872","2026-09-18T16:15:28","second","LOPI.JK","Sentra Amanah Ventura","sell","Sentra Amanah Ventura sells shares of Logisticsplus International","This is Sentra Amanah Ventura's 3rd insider disposal in the last 6 months, totaling a distribution of 108,108,900 shares transacted at an average price of IDR 64. Sentra Amanah Ventura's ownership in Logisticsplus International has decreased from 56.14% to 55.94% in this period.","56.14","55.94","-0.2","617503200","615369000","2134200","131700400","https://www.idx.co.id/StaticData/NewsAndAnnouncement/ANNOUNCEMENTSTOCK/From_KSEI/LK-18092026-7238-00.pdf-0.pdf","","","","","","","","","","","","","","","","","","","","","","","",""
"1e33a7d2-ee2f-40ed-aa2d-bd3f00d6e205","2026-09-22T14:53:53","second","CYBR.JK","Mb Investment Management","sell","Mb Investment Management sells shares of ITSEC Asia","This transaction is part of a cluster-sell transaction amidst other insider sells during the last 6 months. Mb Investment Management's insider disposal comes after Andri Hutama Putra, Doni Mora, Inv Management and Doni Mora Se in ITSEC Asia, totaling a distribution of 19,286,100 shares transacted at an average price of IDR 562.","26.189","26.18","-0.009","3531304014","3531011614","292400","150510000","https://www.idx.co.id/StaticData/NewsAndAnnouncement/ANNOUNCEMENTSTOCK/From_KSEI/LK-22092026-6817-00.pdf-0.pdf","","","","","","","","","","","","","","","","","","","","","","","",""
"228839c8-85a3-4941-af62-f98afd082dec","2026-09-23T17:31:58","second","SQMI.JK","Cgs International Securities Singapore","sell","Cgs International Securities Singapore sells shares of Wilton Makmur Indonesia","This is Cgs International Securities Singapore's 6th insider disposal in the last 6 months, totaling a distribution of 704,721,100 shares transacted at an average price of IDR 100. Cgs International Securities Singapore's ownership in Wilton Makmur Indonesia has decreased from 16.35% to 15.56% in this period.","16.35","15.56","-0.79","2540224329","2417224329","123000000","12054000000","https://www.idx.co.id/StaticData/NewsAndAnnouncement/ANNOUNCEMENTSTOCK/From_KSEI/LK-23092026-4216-00.pdf-0.pdf","","","","","","","","","","","","","","","","","","","","","","","",""
"25b21e1e-9fc0-4bd3-a404-b45b7a1544bc","2026-09-23T15:09:55","second","DEWI.JK","Sujito Ngatiman","sell","Sujito Ngatiman sells shares of Dewi Shri Farmindo","This is Sujito Ngatiman's 6th insider disposal in the last 6 months, totaling a distribution of 38,602,900 shares transacted at an average price of IDR 146. Sujito Ngatiman's ownership in Dewi Shri Farmindo has decreased from 8.27% to 7.6% in this period.","8.27","7.6","-0.67","165549100","152029100","13520000","2190240000","https://www.idx.co.id/StaticData/NewsAndAnnouncement/ANNOUNCEMENTSTOCK/From_KSEI/LK-23092026-9885-00.pdf-0.pdf","2026-09-23T15:04:47","buy","7.52","8.23","0.71","Sujito Ngatiman buys shares of Dewi Shri Farmindo","This is Sujito Ngatiman's 8th insider purchase in the last 6 months, totaling an accumulation of 55,323,630 shares transacted at an average price of IDR 145. Sujito Ngatiman's ownership in Dewi Shri Farmindo has increased from 7.52% to 8.23% in this period.","2026-09-23T14:55:25","buy","7.53","8.05","0.52","Sujito Ngatiman buys shares of Dewi Shri Farmindo","This is Sujito Ngatiman's 7th insider purchase in the last 6 months, totaling an accumulation of 38,023,630 shares transacted at an average price of IDR 140. Sujito Ngatiman's ownership in Dewi Shri Farmindo has increased from 7.53% to 8.05% in this period.","2026-09-23T14:50:05","sell","8.19","7.53","-0.66","Sujito Ngatiman sells shares of Dewi Shri Farmindo","This is Sujito Ngatiman's 5th insider disposal in the last 6 months, totaling a distribution of 25,082,900 shares transacted at an average price of IDR 137. Sujito Ngatiman's ownership in Dewi Shri Farmindo has decreased from 8.19% to 7.53% in this period.","","",""
"2c9899bf-9201-4ef5-949c-4dea1753323c","2026-09-21T14:49:27","second","SAFE.JK","Infiniti Wahana","sell","Infiniti Wahana sells shares of Steady Safe","Infiniti Wahana sold 188,600 shares of Steady Safe. This decreases their holdings from 464,939,213 to 464,750,613 shares. The stated purpose of the transaction was sale.","56.62","56.59","-0.03","464939213","464750613","188600","218776000","https://www.idx.co.id/StaticData/NewsAndAnnouncement/ANNOUNCEMENTSTOCK/From_KSEI/LK-21092026-1402-00.pdf-0.pdf","2026-09-21T09:55:52","buy","56.56","56.57","0.01","Infiniti Wahana buys shares of Steady Safe","Infiniti Wahana bought 100,200 shares of Steady Safe. This increases their holdings from 464,495,713 to 464,595,913 shares. The stated purpose of the transaction was purchase.","","","","","","","","","","","","","","","","",""
"2ce9f37c-bf85-4bf2-985b-0d13ac7ec356","2026-09-18T18:56:17","second","TOWR.JK","Kenny Harjo","sell","Kenny Harjo sells shares of Sarana Menara Nusantara","Kenny Harjo sold 7,861,000 shares of Sarana Menara Nusantara. This decreases their holdings from 7,861,000 to 0 shares. The stated purpose of the transaction was divestiture.","0.013","0","-0.013","7861000","0","7861000","3435257000","https://www.idx.co.id/StaticData/NewsAndAnnouncement/ANNOUNCEMENTSTOCK/From_KSEI/LK-18092026-4128-00.pdf-0.pdf","","","","","","","","","","","","","","","","","","","","","","","",""
"2d171c66-e127-4529-984e-1993a04ff350","2026-09-22T10:31:40","second","TRUK.JK","Catur Dharma Anugerah Surya","sell","Catur Dharma Anugerah Surya sells shares of Guna Timur Raya","Catur Dharma Anugerah Surya sold 87,000,000 shares of Guna Timur Raya. This decreases their holdings from 87,000,000 to 0 shares. The stated purpose of the transaction was portfolio rebalancing.","20","0","-20","87000000","0","87000000","37236000000","https://www.idx.co.id/StaticData/NewsAndAnnouncement/ANNOUNCEMENTSTOCK/From_KSEI/LK-22092026-7169-00.pdf-0.pdf","","","","","","","","","","","","","","","","","","","","","","","",""
"37264ff5-acfd-4ce9-ba42-3100ea19dec1","2026-09-20T23:18:47","second","WINR.JK","Pemenang Nusantara Internasional","sell","Pemenang Nusantara Internasional sells shares of Winner Nusantara Jaya","This is Pemenang Nusantara Internasional's 52nd insider disposal in the last 6 months, totaling a distribution of 920,580,100 shares transacted at an average price of IDR 24. Pemenang Nusantara Internasional's ownership in Winner Nusantara Jaya has decreased from 47.33% to 47.14% in this period.","47.33","47.14","-0.19","2477727500","2467727500","10000000","250000000","https://www.idx.co.id/StaticData/NewsAndAnnouncement/ANNOUNCEMENTSTOCK/From_KSEI/LK-20092026-3558-00.pdf-0.pdf","2026-09-19T13:01:15","sell","47.72","47.33","-0.39","Pemenang Nusantara Internasional sells shares of Winner Nusantara Jaya","This is Pemenang Nusantara Internasional's 51st insider disposal in the last 6 months, totaling a distribution of 910,580,100 shares transacted at an average price of IDR 24. Pemenang Nusantara Internasional's ownership in Winner Nusantara Jaya has decreased from 47.72% to 47.33% in this period.","","","","","","","","","","","","","","","","",""
"38dee4b9-7dc0-481a-9d8c-46520c97dc56","2026-09-21T14:53:37","second","SAFE.JK","Infiniti Wahana","sell","Infiniti Wahana sells shares of Steady Safe","Infiniti Wahana sold 294,300 shares of Steady Safe. This decreases their holdings from 464,750,613 to 464,456,313 shares. The stated purpose of the transaction was sale.","56.59","56.56","-0.03","464750613","464456313","294300","373761000","https://www.idx.co.id/StaticData/NewsAndAnnouncement/ANNOUNCEMENTSTOCK/From_KSEI/LK-21092026-7514-00.pdf-0.pdf","2026-09-21T14:49:27","sell","56.62","56.59","-0.03","Infiniti Wahana sells shares of Steady Safe","Infiniti Wahana sold 188,600 shares of Steady Safe. This decreases their holdings from 464,939,213 to 464,750,613 shares. The stated purpose of the transaction was sale.","2026-09-21T09:55:52","buy","56.56","56.57","0.01","Infiniti Wahana buys shares of Steady Safe","Infiniti Wahana bought 100,200 shares of Steady Safe. This increases their holdings from 464,495,713 to 464,595,913 shares. The stated purpose of the transaction was purchase.","","","","","","","","","",""
"4629ecf5-caf2-4534-87ce-b4dbe214c67f","2026-09-18T17:20:54","second","NSSS.JK","Samuel Sekuritas Indonesia","sell","Samuel Sekuritas Indonesia sells shares of Nusantara Sawit Sejahtera","This is Samuel Sekuritas Indonesia's 31st insider disposal in the last 6 months, totaling a distribution of 15,096,308,100 shares transacted at an average price of IDR 637. Samuel Sekuritas Indonesia's ownership in Nusantara Sawit Sejahtera has decreased from 16.62% to 14.06% in this period.","16.62","14.06","-2.56","3956944700","3345613500","611331200","571322950000","https://www.idx.co.id/StaticData/NewsAndAnnouncement/ANNOUNCEMENTSTOCK/From_KSEI/LK-18092026-7390-00.pdf-0.pdf","2026-09-17T17:05:55","sell","20.42","16.62","-3.8","Samuel Sekuritas Indonesia sells shares of Nusantara Sawit Sejahtera","This is Samuel Sekuritas Indonesia's 30th insider disposal in the last 6 months, totaling a distribution of 14,484,976,900 shares transacted at an average price of IDR 625. Samuel Sekuritas Indonesia's ownership in Nusantara Sawit Sejahtera has decreased from 20.42% to 16.62% in this period.","","","","","","","","","","","","","","","","",""
"4efc5a48-fc0b-4810-809b-a6de9ce8611d","2026-09-17T16:50:20","second","BKSL.JK","Samuel Sekuritas Indonesia","buy","Samuel Sekuritas Indonesia buys shares of Sentul City","This is Samuel Sekuritas Indonesia's 15th insider purchase in the last 6 months, totaling an accumulation of 16,361,662,700 shares transacted at an average price of IDR 72. Samuel Sekuritas Indonesia's ownership in Sentul City has increased from 5.36% to 7.597% in this period.","5.36","7.597","2.237","8989961700","12741204300","3751242600","258835739400","https://www.idx.co.id/StaticData/NewsAndAnnouncement/ANNOUNCEMENTSTOCK/From_KSEI/LK-17092026-0201-00.pdf-0.pdf","","","","","","","","","","","","","","","","","","","","","","","",""
"504ca6d7-7360-42d5-8109-6d9120054503","2026-09-23T15:13:44","second","DEWI.JK","Sujito Ngatiman","buy","Sujito Ngatiman buys shares of Dewi Shri Farmindo","This is Sujito Ngatiman's 9th insider purchase in the last 6 months, totaling an accumulation of 68,232,230 shares transacted at an average price of IDR 148. Sujito Ngatiman's ownership in Dewi Shri Farmindo has increased from 7.59% to 8.44% in this period.","7.59","8.44","0.85","151859600","164768200","12908600","2091193200","https://www.idx.co.id/StaticData/NewsAndAnnouncement/ANNOUNCEMENTSTOCK/From_KSEI/LK-23092026-2105-00.pdf-0.pdf","2026-09-23T15:09:55","sell","8.27","7.6","-0.67","Sujito Ngatiman sells shares of Dewi Shri Farmindo","This is Sujito Ngatiman's 6th insider disposal in the last 6 months, totaling a distribution of 38,602,900 shares transacted at an average price of IDR 146. Sujito Ngatiman's ownership in Dewi Shri Farmindo has decreased from 8.27% to 7.6% in this period.","2026-09-23T15:04:47","buy","7.52","8.23","0.71","Sujito Ngatiman buys shares of Dewi Shri Farmindo","This is Sujito Ngatiman's 8th insider purchase in the last 6 months, totaling an accumulation of 55,323,630 shares transacted at an average price of IDR 145. Sujito Ngatiman's ownership in Dewi Shri Farmindo has increased from 7.52% to 8.23% in this period.","2026-09-23T14:55:25","buy","7.53","8.05","0.52","Sujito Ngatiman buys shares of Dewi Shri Farmindo","This is Sujito Ngatiman's 7th insider purchase in the last 6 months, totaling an accumulation of 38,023,630 shares transacted at an average price of IDR 140. Sujito Ngatiman's ownership in Dewi Shri Farmindo has increased from 7.53% to 8.05% in this period.","","",""
"52d678b0-e73b-416f-82fd-6dd2280b2cd7","2026-09-22T14:43:44","second","SRTG.JK","Edwin Soeryadjaya","buy","Edwin Soeryadjaya buys shares of Saratoga Investama Sedaya","This is Edwin Soeryadjaya's 7th insider purchase in the last 6 months, totaling an accumulation of 9,093,500 shares transacted at an average price of IDR 1,803. Edwin Soeryadjaya's ownership in Saratoga Investama Sedaya has increased from 35.944% to 35.95% in this period.","35.944","35.95","0.006","4875769190","4876599190","830000","1490330000","https://www.idx.co.id/StaticData/NewsAndAnnouncement/ANNOUNCEMENTSTOCK/From_KSEI/LK-22092026-8437-00.pdf-0.pdf","2026-09-18T16:02:21","buy","35.935","35.944","0.009","Edwin Soeryadjaya buys shares of Saratoga Investama Sedaya","This is Edwin Soeryadjaya's 6th insider purchase in the last 6 months, totaling an accumulation of 8,263,500 shares transacted at an average price of IDR 1,804. Edwin Soeryadjaya's ownership in Saratoga Investama Sedaya has increased from 35.935% to 35.944% in this period.","","","","","","","","","","","","","","","","",""
"53c28519-311b-4aa8-88e0-1f5568dd4ce3","2026-09-21T16:51:17","second","FORE.JK","Ferry Sudjono","buy","Ferry Sudjono buys shares of Fore Kopi Indonesia","Ferry Sudjono bought 2,215,500 shares of Fore Kopi Indonesia. This increases their holdings from 532,980,400 to 535,195,900 shares. The stated purpose of the transaction was investment aimed at achieving potential capital gains.","5.97","6","0.03","532980400","535195900","2215500","1683780000","https://www.idx.co.id/StaticData/NewsAndAnnouncement/ANNOUNCEMENTSTOCK/From_KSEI/LK-21092026-0022-00.pdf-0.pdf","","","","","","","","","","","","","","","","","","","","","","","",""
"54643f35-06f3-420c-9996-3cfb3bde0b9f","2026-09-17T14:12:05","second","ISSP.JK","Cakra Bhakti Para Putra","buy","Cakra Bhakti Para Putra buys shares of Steel Pipe Industry of Indonesia","This is Cakra Bhakti Para Putra's 5th insider purchase in the last 6 months, totaling an accumulation of 3,639,600 shares transacted at an average price of IDR 422. Cakra Bhakti Para Putra's ownership in Steel Pipe Industry of Indonesia has increased from 57.68% to 57.72% in this period.","57.68","57.72","0.04","4144751330","4147443530","2692200","1146877200","https://www.idx.co.id/StaticData/NewsAndAnnouncement/ANNOUNCEMENTSTOCK/From_KSEI/LK-17092026-0646-00.pdf-0.pdf","","","","","","","","","","","","","","","","","","","","","","","",""
"54ad682f-c190-41d2-a516-1e6898289f04","2026-09-23T11:37:29","second","RLCO.JK","Samuel Tumbuh Bersama","others","Change in Samuel Tumbuh Bersama's position in Abadi Lestari Indonesia","Samuel Tumbuh Bersama executed a transaction for 178,000,000 shares of Abadi Lestari Indonesia. This decreases their holdings from 290,000,000 to 112,000,000 shares. The stated purpose of the transaction was securities lending.","9.28","3.58","-5.7","290000000","112000000","178000000","0","https://www.idx.co.id/StaticData/NewsAndAnnouncement/ANNOUNCEMENTSTOCK/From_KSEI/LK-23092026-4282-00.pdf-0.pdf","2026-09-21T11:15:40","others","3.58","7.42","3.84","Change in Samuel Tumbuh Bersama's position in Abadi Lestari Indonesia","Samuel Tumbuh Bersama executed a transaction for 120,000,000 shares of Abadi Lestari Indonesia. This increases their holdings from 112,000,000 to 232,000,000 shares. The stated purpose of the transaction was share repurchase.","2026-09-21T10:48:47","others","7.42","9.28","1.86","Change in Samuel Tumbuh Bersama's position in Abadi Lestari Indonesia","Samuel Tumbuh Bersama executed a transaction for 58,000,000 shares of Abadi Lestari Indonesia. This increases their holdings from 232,000,000 to 290,000,000 shares. The stated purpose of the transaction was return of shares.","","","","","","","","","",""
"54c5a33c-710c-4aea-9ab2-471a2d48064c","2026-09-23T17:44:16","second","ASLI.JK","Wahana Konstruksi Mandiri","buy","Wahana Konstruksi Mandiri buys shares of Asri Karya Lestari","Wahana Konstruksi Mandiri bought 62,500,000 shares of Asri Karya Lestari. This increases their holdings from 3,187,500,000 to 3,250,000,000 shares. The stated purpose of the transaction was investment.","51","52","1","3187500000","3250000000","62500000","20312500000","https://www.idx.co.id/StaticData/NewsAndAnnouncement/ANNOUNCEMENTSTOCK/From_KSEI/LK-23092026-8816-00.pdf-0.pdf","","","","","","","","","","","","","","","","","","","","","","","",""
"56d61a5f-d4d4-490e-baff-fd7f686a923e","2026-09-23T16:00:15","second","ASII.JK","Rudy","buy","Rudy buys shares of Astra International","This transaction is part of a cluster-buy transaction amidst other insider buys during the last 6 months. Rudy's insider purchase comes after Prijono Sugiarto, Djap Tet Fa and Ir Fxl Kesuma Msc in Astra International, totaling an accumulation of 7,663,800 shares transacted at an average price of IDR 4,816.","0.003","0.014","0.011","1200000","5600000","4400000","21142000000","https://www.idx.co.id/StaticData/NewsAndAnnouncement/ANNOUNCEMENTSTOCK/From_KSEI/LK-23092026-1413-00.pdf-0.pdf","","","","","","","","","","","","","","","","","","","","","","","",""
"590171af-d409-4b99-98ec-265bf290a7ab","2026-09-23T14:36:55","second","GOTO.JK","Morgan Stanley And Co International Plc","buy","Morgan Stanley And Co International Plc buys shares of GoTo Gojek Tokopedia","This is Morgan Stanley And Co International Plc's 4th insider purchase in the last 6 months, totaling an accumulation of 13,179,699,826 shares transacted at an average price of IDR 25. Morgan Stanley And Co International Plc's ownership in GoTo Gojek Tokopedia has increased from 6.995% to 7.03% in this period.","6.995","7.03","0.035","80539349984","80939349984","400000000","10800000000","https://www.idx.co.id/StaticData/NewsAndAnnouncement/ANNOUNCEMENTSTOCK/From_KSEI/LK-23092026-9638-00.pdf-0.pdf","","","","","","","","","","","","","","","","","","","","","","","",""
"5e6e600f-fb7d-4584-a5a9-0c738bddda71","2026-09-17T17:35:36","second","OASA.JK","Ir.Gafur Sulistyo Umar Mba","sell","Ir.Gafur Sulistyo Umar Mba sells shares of Maharaksa Biru Energi","This is Ir.Gafur Sulistyo Umar Mba's 4th insider disposal in the last 6 months, totaling a distribution of 205,643,900 shares transacted at an average price of IDR 292. Ir.Gafur Sulistyo Umar Mba's ownership in Maharaksa Biru Energi has decreased from 32.55% to 32.01% in this period.","32.55","32.01","-0.54","2066136693","2031862693","34274000","8568500000","https://www.idx.co.id/StaticData/NewsAndAnnouncement/ANNOUNCEMENTSTOCK/From_KSEI/LK-17092026-7716-00.pdf-0.pdf","","","","","","","","","","","","","","","","","","","","","","","",""
"5ecf7fd0-e324-4604-b469-f436cec38de8","2026-09-18T16:29:35","second","MGLV.JK","Nextier Datamate Center","sell","Nextier Datamate Center sells shares of Panca Anugrah Wisesa","This is Nextier Datamate Center's 6th insider disposal in the last 6 months, totaling a distribution of 203,655,200 shares transacted at an average price of IDR 7,120. Nextier Datamate Center's ownership in Panca Anugrah Wisesa has decreased from 63.07% to 62.71% in this period.","63.07","62.71","-0.36","1201500000","1194500000","7000000","70000000000","https://www.idx.co.id/StaticData/NewsAndAnnouncement/ANNOUNCEMENTSTOCK/From_KSEI/LK-18092026-7714-00.pdf-0.pdf","","","","","","","","","","","","","","","","","","","","","","","",""
"640ad62f-4cc4-45b0-b551-f647f12b5524","2026-09-18T23:19:32","second","TOWR.JK","Indra Gunawan","sell","Indra Gunawan sells shares of Sarana Menara Nusantara","This transaction is part of a cluster-sell transaction amidst other insider sells during the last 6 months. Indra Gunawan's insider disposal comes after Anita Anwar, Eko Santoso Hadiprodjo, Kenny Harjo, Ario Wibisono and 1 other insiders in Sarana Menara Nusantara, totaling a distribution of 224,230,000 shares transacted at an average price of IDR 437.","0.069","0.002","-0.067","40840490","1167490","39673000","17337101000","https://www.idx.co.id/StaticData/NewsAndAnnouncement/ANNOUNCEMENTSTOCK/From_KSEI/LK-18092026-3007-00.pdf-0.pdf","","","","","","","","","","","","","","","","","","","","","","","",""
"665fdf53-e248-4ae2-bc52-ff2c8e301aa3","2026-09-19T13:01:15","second","WINR.JK","Pemenang Nusantara Internasional","sell","Pemenang Nusantara Internasional sells shares of Winner Nusantara Jaya","This is Pemenang Nusantara Internasional's 51st insider disposal in the last 6 months, totaling a distribution of 910,580,100 shares transacted at an average price of IDR 24. Pemenang Nusantara Internasional's ownership in Winner Nusantara Jaya has decreased from 47.72% to 47.33% in this period.","47.72","47.33","-0.39","2498476700","2477727500","20749200","562290700","https://www.idx.co.id/StaticData/NewsAndAnnouncement/ANNOUNCEMENTSTOCK/From_KSEI/LK-19092026-7762-00.pdf-0.pdf","","","","","","","","","","","","","","","","","","","","","","","",""
"669120ca-f8fb-4aba-9dc1-e94a19a53b65","2026-09-18T18:02:57","second","TOWR.JK","Eko Santoso Hadiprodjo","sell","Eko Santoso Hadiprodjo sells shares of Sarana Menara Nusantara","Eko Santoso Hadiprodjo sold 39,673,000 shares of Sarana Menara Nusantara. This decreases their holdings from 43,670,000 to 3,997,000 shares. The stated purpose of the transaction was divestiture.","0.074","0.007","-0.067","43670000","3997000","39673000","17337101000","https://www.idx.co.id/StaticData/NewsAndAnnouncement/ANNOUNCEMENTSTOCK/From_KSEI/LK-18092026-6867-00.pdf-0.pdf","","","","","","","","","","","","","","","","","","","","","","","",""
"67d85a40-1431-48ef-9413-ab664cf74241","2026-09-23T11:28:47","second","AKPI.JK","Henry Liem","sell","Henry Liem sells shares of Argha Karya Prima Ind","This is Henry Liem's 39th insider disposal in the last 6 months, totaling a distribution of 7,817,300 shares transacted at an average price of IDR 515. Henry Liem's ownership in Argha Karya Prima Ind has decreased from 1.256% to 1.182% in this period.","1.256","1.182","-0.074","7686759","7236659","450100","225250500","https://www.idx.co.id/StaticData/NewsAndAnnouncement/ANNOUNCEMENTSTOCK/From_KSEI/LK-23092026-7452-00.pdf-0.pdf","2026-09-22T10:00:00","sell","1.228","1.223","-0.005","Henry Liem sells shares of Argha Karya Prima Ind","This is Henry Liem's 38th insider disposal in the last 6 months, totaling a distribution of 7,367,200 shares transacted at an average price of IDR 516. Henry Liem's ownership in Argha Karya Prima Ind has decreased from 1.228% to 1.223% in this period.","","","","","","","","","","","","","","","","",""
"69821953-df62-4c70-b045-30417b4b8c65","2026-09-21T11:15:40","second","RLCO.JK","Samuel Tumbuh Bersama","others","Change in Samuel Tumbuh Bersama's position in Abadi Lestari Indonesia","Samuel Tumbuh Bersama executed a transaction for 120,000,000 shares of Abadi Lestari Indonesia. This increases their holdings from 112,000,000 to 232,000,000 shares. The stated purpose of the transaction was share repurchase.","3.58","7.42","3.84","112000000","232000000","120000000","0","https://www.idx.co.id/StaticData/NewsAndAnnouncement/ANNOUNCEMENTSTOCK/From_KSEI/LK-21092026-4729-00.pdf-0.pdf","2026-09-21T10:48:47","others","7.42","9.28","1.86","Change in Samuel Tumbuh Bersama's position in Abadi Lestari Indonesia","Samuel Tumbuh Bersama executed a transaction for 58,000,000 shares of Abadi Lestari Indonesia. This increases their holdings from 232,000,000 to 290,000,000 shares. The stated purpose of the transaction was return of shares.","","","","","","","","","","","","","","","","",""
"69f61fa3-132c-43ac-b521-b1831a3015ff","2026-09-21T16:01:51","second","FILM.JK","Samuel Sekuritas Indonesia","sell","Samuel Sekuritas Indonesia sells shares of MD Entertainment","This is Samuel Sekuritas Indonesia's 19th insider disposal in the last 6 months, totaling a distribution of 1,636,657,600 shares transacted at an average price of IDR 2,025. Samuel Sekuritas Indonesia's ownership in MD Entertainment has decreased from 9.64% to 8.71% in this period.","9.64","8.71","-0.93","1049325300","948524800","100800500","143640712500","https://www.idx.co.id/StaticData/NewsAndAnnouncement/ANNOUNCEMENTSTOCK/From_KSEI/LK-21092026-5719-00.pdf-0.pdf","","","","","","","","","","","","","","","","","","","","","","","",""
"6ce2fbdd-e1f5-4b55-afca-69e440c82433","2026-09-17T16:51:05","second","KDTN.JK","Putrasakti Mandiri","sell","Putrasakti Mandiri sells shares of Puri Sentul Permai","This is Putrasakti Mandiri's 18th insider disposal in the last 6 months, totaling a distribution of 71,100,000 shares transacted at an average price of IDR 410. Putrasakti Mandiri's ownership in Puri Sentul Permai has decreased from 32.13% to 32.11% in this period.","32.13","32.11","-0.02","401700000","401500000","200000","79600000","https://www.idx.co.id/StaticData/NewsAndAnnouncement/ANNOUNCEMENTSTOCK/From_KSEI/LK-17092026-6610-00.pdf-0.pdf","","","","","","","","","","","","","","","","","","","","","","","",""
"6ea55b91-5f5f-42c2-9bcf-0b8a7b0bfd50","2026-09-21T16:03:24","second","REAL.JK","Enam Berlian Sinergi","sell","Enam Berlian Sinergi sells shares of Repower Asia Indonesia","Enam Berlian Sinergi sold 100,000,000 shares of Repower Asia Indonesia. This decreases their holdings from 3,099,480,000 to 2,999,480,000 shares. The stated purpose of the transaction was business development.","46.72","45.22","-1.5","3099480000","2999480000","100000000","5500000000","https://www.idx.co.id/StaticData/NewsAndAnnouncement/ANNOUNCEMENTSTOCK/From_KSEI/LK-21092026-0949-00.pdf-0.pdf","","","","","","","","","","","","","","","","","","","","","","","",""
"6fac06d9-1aca-4d59-8e02-a89de00dfaaf","2026-09-24T09:12:50","second","NSSS.JK","Samuel Sekuritas Indonesia","buy","Samuel Sekuritas Indonesia buys shares of Nusantara Sawit Sejahtera","This is Samuel Sekuritas Indonesia's 26th insider purchase in the last 6 months, totaling an accumulation of 10,604,167,600 shares transacted at an average price of IDR 755. Samuel Sekuritas Indonesia's ownership in Nusantara Sawit Sejahtera has increased from 21.64% to 22.51% in this period.","21.64","22.51","0.87","5151407000","5358739600","207332600","157572776000","https://www.idx.co.id/StaticData/NewsAndAnnouncement/ANNOUNCEMENTSTOCK/From_KSEI/LK-24092026-4495-00.pdf-0.pdf","2026-09-23T10:48:40","buy","15.58","21.64","6.06","Samuel Sekuritas Indonesia buys shares of Nusantara Sawit Sejahtera","This is Samuel Sekuritas Indonesia's 25th insider purchase in the last 6 months, totaling an accumulation of 10,396,835,000 shares transacted at an average price of IDR 755. Samuel Sekuritas Indonesia's ownership in Nusantara Sawit Sejahtera has increased from 15.58% to 21.64% in this period.","2026-09-21T16:41:44","sell","15.834","15.58","-0.254","Samuel Sekuritas Indonesia sells shares of Nusantara Sawit Sejahtera","This is Samuel Sekuritas Indonesia's 32nd insider disposal in the last 6 months, totaling a distribution of 15,155,125,500 shares transacted at an average price of IDR 637. Samuel Sekuritas Indonesia's ownership in Nusantara Sawit Sejahtera has decreased from 15.834% to 15.58% in this period.","2026-09-21T16:41:44","buy","14.06","15.834","1.774","Samuel Sekuritas Indonesia buys shares of Nusantara Sawit Sejahtera","This is Samuel Sekuritas Indonesia's 24th insider purchase in the last 6 months, totaling an accumulation of 8,954,468,500 shares transacted at an average price of IDR 756. Samuel Sekuritas Indonesia's ownership in Nusantara Sawit Sejahtera has increased from 14.06% to 15.834% in this period.","","",""
"6fb19f44-b19a-4e21-8072-ce132dbaf07e","2026-09-17T16:53:43","second","RLCO.JK","Samuel Sekuritas Indonesia","sell","Samuel Sekuritas Indonesia sells shares of Abadi Lestari Indonesia","This is Samuel Sekuritas Indonesia's 6th insider disposal in the last 6 months, totaling a distribution of 140,801,600 shares transacted at an average price of IDR 3,511. Samuel Sekuritas Indonesia's ownership in Abadi Lestari Indonesia has decreased from 6.57% to 5.29% in this period.","6.57","5.29","-1.28","205334300","165263200","40071100","119411878000","https://www.idx.co.id/StaticData/NewsAndAnnouncement/ANNOUNCEMENTSTOCK/From_KSEI/LK-17092026-8340-00.pdf-0.pdf","","","","","","","","","","","","","","","","","","","","","","","",""
"73119842-4640-4bf0-a7d0-cf32e5b103e9","2026-09-22T16:41:17","second","WINR.JK","Pemenang Nusantara Internasional","sell","Pemenang Nusantara Internasional sells shares of Winner Nusantara Jaya","This is Pemenang Nusantara Internasional's 53rd insider disposal in the last 6 months, totaling a distribution of 932,643,200 shares transacted at an average price of IDR 24. Pemenang Nusantara Internasional's ownership in Winner Nusantara Jaya has decreased from 47.14% to 46.91% in this period.","47.14","46.91","-0.23","2467727500","2455664400","12063100","289514400","https://www.idx.co.id/StaticData/NewsAndAnnouncement/ANNOUNCEMENTSTOCK/From_KSEI/LK-22092026-6182-00.pdf-0.pdf","2026-09-20T23:18:47","sell","47.33","47.14","-0.19","Pemenang Nusantara Internasional sells shares of Winner Nusantara Jaya","This is Pemenang Nusantara Internasional's 52nd insider disposal in the last 6 months, totaling a distribution of 920,580,100 shares transacted at an average price of IDR 24. Pemenang Nusantara Internasional's ownership in Winner Nusantara Jaya has decreased from 47.33% to 47.14% in this period.","2026-09-19T13:01:15","sell","47.72","47.33","-0.39","Pemenang Nusantara Internasional sells shares of Winner Nusantara Jaya","This is Pemenang Nusantara Internasional's 51st insider disposal in the last 6 months, totaling a distribution of 910,580,100 shares transacted at an average price of IDR 24. Pemenang Nusantara Internasional's ownership in Winner Nusantara Jaya has decreased from 47.72% to 47.33% in this period.","","","","","","","","","",""
"7caf8918-823c-4d90-a34d-61c85822317d","2026-09-18T15:02:52","second","HRUM.JK","Stephanus E D Sutantio","others","Change in Stephanus E D Sutantio's position in Harum Energy","Stephanus E D Sutantio executed a transaction for 241,000 shares of Harum Energy. This increases their holdings from 0 to 241,000 shares. The stated purpose of the transaction was investment.","0","0.002","0.002","0","241000","241000","241723000","https://www.idx.co.id/StaticData/NewsAndAnnouncement/ANNOUNCEMENTSTOCK/From_KSEI/LK-18092026-4173-00.pdf-0.pdf","","","","","","","","","","","","","","","","","","","","","","","",""
"8475e398-a63e-41c7-acd2-b90a0756f079","2026-09-23T09:43:40","second","RLCO.JK","Samuel Sekuritas Indonesia","buy","Samuel Sekuritas Indonesia buys shares of Abadi Lestari Indonesia","This is Samuel Sekuritas Indonesia's 13th insider purchase in the last 6 months, totaling an accumulation of 1,995,537,600 shares transacted at an average price of IDR 752. Samuel Sekuritas Indonesia's ownership in Abadi Lestari Indonesia has increased from 5.29% to 6.57% in this period.","5.29","6.57","1.28","165263200","205334300","40071100","171905019000","https://www.idx.co.id/StaticData/NewsAndAnnouncement/ANNOUNCEMENTSTOCK/From_KSEI/LK-23092026-1949-00.pdf-0.pdf","2026-09-17T16:53:43","sell","6.57","5.29","-1.28","Samuel Sekuritas Indonesia sells shares of Abadi Lestari Indonesia","This is Samuel Sekuritas Indonesia's 6th insider disposal in the last 6 months, totaling a distribution of 140,801,600 shares transacted at an average price of IDR 3,511. Samuel Sekuritas Indonesia's ownership in Abadi Lestari Indonesia has decreased from 6.57% to 5.29% in this period.","","","","","","","","","","","","","","","","",""
"8698bd1c-4bfc-477a-b613-486dfef0f16d","2026-09-23T14:44:11","second","DEWI.JK","Sujito Ngatiman","buy","Sujito Ngatiman buys shares of Dewi Shri Farmindo","This is Sujito Ngatiman's 6th insider purchase in the last 6 months, totaling an accumulation of 27,523,630 shares transacted at an average price of IDR 134. Sujito Ngatiman's ownership in Dewi Shri Farmindo has increased from 7.42% to 8.06% in this period.","7.42","8.06","0.64","148585600","161335600","12750000","1912500000","https://www.idx.co.id/StaticData/NewsAndAnnouncement/ANNOUNCEMENTSTOCK/From_KSEI/LK-23092026-4018-00.pdf-0.pdf","","","","","","","","","","","","","","","","","","","","","","","",""
"8a003191-05b0-45b3-a919-729b3efb0c2b","2026-09-21T16:11:26","second","BKSL.JK","Samuel Sekuritas Indonesia","sell","Samuel Sekuritas Indonesia sells shares of Sentul City","This is Samuel Sekuritas Indonesia's 14th insider disposal in the last 6 months, totaling a distribution of 9,858,204,000 shares transacted at an average price of IDR 77. Samuel Sekuritas Indonesia's ownership in Sentul City has decreased from 7.02% to 6.85% in this period.","7.02","6.85","-0.17","11766798600","11485508300","281290300","18002579200","https://www.idx.co.id/StaticData/NewsAndAnnouncement/ANNOUNCEMENTSTOCK/From_KSEI/LK-21092026-9029-00.pdf-0.pdf","2026-09-17T16:50:20","sell","7.597","7.02","-0.577","Samuel Sekuritas Indonesia sells shares of Sentul City","This is Samuel Sekuritas Indonesia's 13th insider disposal in the last 6 months, totaling a distribution of 9,576,913,700 shares transacted at an average price of IDR 78. Samuel Sekuritas Indonesia's ownership in Sentul City has decreased from 7.597% to 7.02% in this period.","2026-09-17T16:50:20","buy","5.36","7.597","2.237","Samuel Sekuritas Indonesia buys shares of Sentul City","This is Samuel Sekuritas Indonesia's 15th insider purchase in the last 6 months, totaling an accumulation of 16,361,662,700 shares transacted at an average price of IDR 72. Samuel Sekuritas Indonesia's ownership in Sentul City has increased from 5.36% to 7.597% in this period.","","","","","","","","","",""
"8d76461d-52a7-4d92-9e90-a08d1381f39f","2026-09-21T09:55:52","second","SAFE.JK","Infiniti Wahana","buy","Infiniti Wahana buys shares of Steady Safe","Infiniti Wahana bought 100,200 shares of Steady Safe. This increases their holdings from 464,495,713 to 464,595,913 shares. The stated purpose of the transaction was purchase.","56.56","56.57","0.01","464495713","464595913","100200","38076000","https://www.idx.co.id/StaticData/NewsAndAnnouncement/ANNOUNCEMENTSTOCK/From_KSEI/LK-21092026-5017-00.pdf-0.pdf","","","","","","","","","","","","","","","","","","","","","","","",""
"8f62c836-6c28-4541-86e3-bb2fc59f97bc","2026-09-23T16:08:04","second","ASII.JK","Prijono Sugiarto","buy","Prijono Sugiarto buys shares of Astra International","This transaction is part of a cluster-buy transaction amidst other insider buys during the last 6 months. Prijono Sugiarto's insider purchase comes after Djap Tet Fa, Ir Fxl Kesuma Msc and Rudy in Astra International, totaling an accumulation of 7,672,500 shares transacted at an average price of IDR 4,816.","0.014","0.014","0","5587100","5595800","8700","42195000","https://www.idx.co.id/StaticData/NewsAndAnnouncement/ANNOUNCEMENTSTOCK/From_KSEI/LK-23092026-3032-00.pdf-0.pdf","","","","","","","","","","","","","","","","","","","","","","","",""
"9437b47e-beb5-4e9b-b53b-5ecba775ad67","2026-09-21T11:06:50","second","KETR.JK","Fajar Sejahtera Mandiri Nusantara","sell","Fajar Sejahtera Mandiri Nusantara sells shares of Ketrosden Triasmitra","Fajar Sejahtera Mandiri Nusantara sold 48,301,257 shares of Ketrosden Triasmitra. This decreases their holdings from 1,557,864,674 to 1,509,563,417 shares. The stated purpose of the transaction was working capital requirements.","54.83","53.13","-1.7","1557864674","1509563417","48301257","9660251400","https://www.idx.co.id/StaticData/NewsAndAnnouncement/ANNOUNCEMENTSTOCK/From_KSEI/LK-21092026-4165-00.pdf-0.pdf","","","","","","","","","","","","","","","","","","","","","","","",""
"962c28db-69aa-402d-9fa2-d9086c9c68ca","2026-09-18T19:25:35","second","TOWR.JK","Ferdinandus Aming Santoso","sell","Ferdinandus Aming Santoso sells shares of Sarana Menara Nusantara","This transaction is part of a cluster-sell transaction amidst other insider sells during the last 6 months. Ferdinandus Aming Santoso's insider disposal comes after Eko Santoso Hadiprodjo, Kenny Harjo and Ario Wibisono in Sarana Menara Nusantara, totaling a distribution of 152,393,000 shares transacted at an average price of IDR 437.","0.185","0.021","-0.164","109611281","12613281","96998000","42388126000","https://www.idx.co.id/StaticData/NewsAndAnnouncement/ANNOUNCEMENTSTOCK/From_KSEI/LK-18092026-6018-00.pdf-0.pdf","","","","","","","","","","","","","","","","","","","","","","","",""
"9699dd38-bdde-4498-a82e-991888364253","2026-09-23T15:44:23","second","HGII.JK","Robin Sunyoto","buy","Robin Sunyoto buys shares of Hero Global Investment","This is Robin Sunyoto's 8th insider purchase in the last 6 months, totaling an accumulation of 2,400,000 shares transacted at an average price of IDR 127. Robin Sunyoto's ownership in Hero Global Investment has increased from 0.24% to 0.25% in this period.","0.24","0.25","0.01","16050000","16500000","450000","61284800","https://www.idx.co.id/StaticData/NewsAndAnnouncement/ANNOUNCEMENTSTOCK/From_KSEI/LK-23092026-8237-00.pdf-0.pdf","","","","","","","","","","","","","","","","","","","","","","","",""
"99028769-b98f-4f66-bec9-cb7c247cd5be","2026-09-21T10:56:01","second","MKPI.JK","Samuel Tumbuh Bersama","others","Change in Samuel Tumbuh Bersama's position in Metropolitan Kentjana","Samuel Tumbuh Bersama executed a transaction for 21,100,000 shares of Metropolitan Kentjana. This increases their holdings from 29,400,000 to 50,500,000 shares. The stated purpose of the transaction was share repurchase.","3.1","5.33","2.23","29400000","50500000","21100000","0","https://www.idx.co.id/StaticData/NewsAndAnnouncement/ANNOUNCEMENTSTOCK/From_KSEI/LK-21092026-7529-00.pdf-0.pdf","","","","","","","","","","","","","","","","","","","","","","","",""
"99cb71e7-be7e-4810-b764-8f3e77bb508a","2026-09-17T14:46:42","second","CYBR.JK","Doni Mora Se","sell","Doni Mora Se sells shares of ITSEC Asia","Doni Mora Se sold 100,000 shares of ITSEC Asia. This decreases their holdings from 4,609,300 to 4,509,300 shares. The stated purpose of the transaction was investment.","0.034","0.033","-0.001","4609300","4509300","100000","53000000","https://www.idx.co.id/StaticData/NewsAndAnnouncement/ANNOUNCEMENTSTOCK/From_KSEI/LK-17092026-0779-00.pdf-0.pdf","","","","","","","","","","","","","","","","","","","","","","","",""
"9beeb763-ea48-4787-8958-d82200b24893","2026-09-21T16:41:44","second","NSSS.JK","Samuel Sekuritas Indonesia","sell","Samuel Sekuritas Indonesia sells shares of Nusantara Sawit Sejahtera","This is Samuel Sekuritas Indonesia's 32nd insider disposal in the last 6 months, totaling a distribution of 15,155,125,500 shares transacted at an average price of IDR 637. Samuel Sekuritas Indonesia's ownership in Nusantara Sawit Sejahtera has decreased from 15.834% to 15.58% in this period.","15.834","15.58","-0.254","3767857900","3709040500","58817400","40289919000","https://www.idx.co.id/StaticData/NewsAndAnnouncement/ANNOUNCEMENTSTOCK/From_KSEI/LK-21092026-7501-00.pdf-0.pdf","2026-09-18T17:20:54","sell","16.62","14.06","-2.56","Samuel Sekuritas Indonesia sells shares of Nusantara Sawit Sejahtera","This is Samuel Sekuritas Indonesia's 31st insider disposal in the last 6 months, totaling a distribution of 15,096,308,100 shares transacted at an average price of IDR 637. Samuel Sekuritas Indonesia's ownership in Nusantara Sawit Sejahtera has decreased from 16.62% to 14.06% in this period.","2026-09-17T17:05:55","sell","20.42","16.62","-3.8","Samuel Sekuritas Indonesia sells shares of Nusantara Sawit Sejahtera","This is Samuel Sekuritas Indonesia's 30th insider disposal in the last 6 months, totaling a distribution of 14,484,976,900 shares transacted at an average price of IDR 625. Samuel Sekuritas Indonesia's ownership in Nusantara Sawit Sejahtera has decreased from 20.42% to 16.62% in this period.","","","","","","","","","",""
"9d4989e2-329a-4227-a916-9cd09d77d3cf","2026-09-21T15:36:16","second","GMFI.JK","Trihartono","buy","Trihartono buys shares of Garuda Maintenance Facility Aero Asia","Trihartono bought 5,000 shares of Garuda Maintenance Facility Aero Asia. This increases their holdings from 5,000 to 10,000 shares. The stated purpose of the transaction was expanding personal investment portfolio.","0","0","0","5000","10000","5000","295000","https://www.idx.co.id/StaticData/NewsAndAnnouncement/ANNOUNCEMENTSTOCK/From_KSEI/LK-21092026-7719-00.pdf-0.pdf","","","","","","","","","","","","","","","","","","","","","","","",""
"9e338fa3-5227-4317-92c0-e36afe45bde8","2026-09-21T16:51:51","second","MDLA.JK","Edbert Orotodan","buy","Edbert Orotodan buys shares of Medela Potentia","Edbert Orotodan bought 100,000 shares of Medela Potentia. This increases their holdings from 1,840,900 to 1,940,900 shares. The stated purpose of the transaction was investment.","0.013","0.014","0.001","1840900","1940900","100000","20400000","https://www.idx.co.id/StaticData/NewsAndAnnouncement/ANNOUNCEMENTSTOCK/From_KSEI/LK-21092026-8484-00.pdf-0.pdf","","","","","","","","","","","","","","","","","","","","","","","",""
"9f520439-53c9-4365-bf64-58612d984099","2026-09-18T16:02:21","second","SRTG.JK","Edwin Soeryadjaya","buy","Edwin Soeryadjaya buys shares of Saratoga Investama Sedaya","This is Edwin Soeryadjaya's 6th insider purchase in the last 6 months, totaling an accumulation of 8,263,500 shares transacted at an average price of IDR 1,804. Edwin Soeryadjaya's ownership in Saratoga Investama Sedaya has increased from 35.935% to 35.944% in this period.","35.935","35.944","0.009","4874529190","4875769190","1240000","2196040000","https://www.idx.co.id/StaticData/NewsAndAnnouncement/ANNOUNCEMENTSTOCK/From_KSEI/LK-18092026-4386-00.pdf-0.pdf","","","","","","","","","","","","","","","","","","","","","","","",""
"a0d8457a-a079-487e-9f9f-e855ebf85c25","2026-09-23T10:48:40","second","NSSS.JK","Samuel Sekuritas Indonesia","buy","Samuel Sekuritas Indonesia buys shares of Nusantara Sawit Sejahtera","This is Samuel Sekuritas Indonesia's 25th insider purchase in the last 6 months, totaling an accumulation of 10,396,835,000 shares transacted at an average price of IDR 755. Samuel Sekuritas Indonesia's ownership in Nusantara Sawit Sejahtera has increased from 15.58% to 21.64% in this period.","15.58","21.64","6.06","3709040500","5151407000","1442366500","1081774875000","https://www.idx.co.id/StaticData/NewsAndAnnouncement/ANNOUNCEMENTSTOCK/From_KSEI/LK-23092026-8317-00.pdf-0.pdf","2026-09-21T16:41:44","sell","15.834","15.58","-0.254","Samuel Sekuritas Indonesia sells shares of Nusantara Sawit Sejahtera","This is Samuel Sekuritas Indonesia's 32nd insider disposal in the last 6 months, totaling a distribution of 15,155,125,500 shares transacted at an average price of IDR 637. Samuel Sekuritas Indonesia's ownership in Nusantara Sawit Sejahtera has decreased from 15.834% to 15.58% in this period.","2026-09-21T16:41:44","buy","14.06","15.834","1.774","Samuel Sekuritas Indonesia buys shares of Nusantara Sawit Sejahtera","This is Samuel Sekuritas Indonesia's 24th insider purchase in the last 6 months, totaling an accumulation of 8,954,468,500 shares transacted at an average price of IDR 756. Samuel Sekuritas Indonesia's ownership in Nusantara Sawit Sejahtera has increased from 14.06% to 15.834% in this period.","2026-09-18T17:20:54","sell","16.62","14.06","-2.56","Samuel Sekuritas Indonesia sells shares of Nusantara Sawit Sejahtera","This is Samuel Sekuritas Indonesia's 31st insider disposal in the last 6 months, totaling a distribution of 15,096,308,100 shares transacted at an average price of IDR 637. Samuel Sekuritas Indonesia's ownership in Nusantara Sawit Sejahtera has decreased from 16.62% to 14.06% in this period.","","",""
"a1a9827b-0edf-4337-a4ee-55a593e4f7eb","2026-09-21T10:48:47","second","RLCO.JK","Samuel Tumbuh Bersama","others","Change in Samuel Tumbuh Bersama's position in Abadi Lestari Indonesia","Samuel Tumbuh Bersama executed a transaction for 58,000,000 shares of Abadi Lestari Indonesia. This increases their holdings from 232,000,000 to 290,000,000 shares. The stated purpose of the transaction was return of shares.","7.42","9.28","1.86","232000000","290000000","58000000","0","https://www.idx.co.id/StaticData/NewsAndAnnouncement/ANNOUNCEMENTSTOCK/From_KSEI/LK-21092026-0754-00.pdf-0.pdf","","","","","","","","","","","","","","","","","","","","","","","",""
"a2b585e8-153e-4759-a4d2-158027a761d7","2026-09-21T11:12:14","second","KETR.JK","Dani Samsul Ependi Se","buy","Dani Samsul Ependi Se buys shares of Ketrosden Triasmitra","Dani Samsul Ependi Se bought 48,301,257 shares of Ketrosden Triasmitra. This increases their holdings from 0 to 48,301,257 shares. The stated purpose of the transaction was investment.","0","1.7","1.7","0","48301257","48301257","9660251400","https://www.idx.co.id/StaticData/NewsAndAnnouncement/ANNOUNCEMENTSTOCK/From_KSEI/LK-21092026-7205-00.pdf-0.pdf","","","","","","","","","","","","","","","","","","","","","","","",""
"a3030d1b-3634-4406-b5df-d9b4d8ffff4b","2026-09-21T17:49:18","second","JECX.JK","Sarana Meditama Metropolitan","buy","Sarana Meditama Metropolitan buys shares of Nitrasanata Dharma","This is Sarana Meditama Metropolitan's 8th insider purchase in the last 6 months, totaling an accumulation of 171,895,800 shares transacted at an average price of IDR 1,437. Sarana Meditama Metropolitan's ownership in Nitrasanata Dharma has increased from 32.97% to 33.0% in this period.","32.97","33","0.03","1072500000","1073674500","1174500","1609065000","https://www.idx.co.id/StaticData/NewsAndAnnouncement/ANNOUNCEMENTSTOCK/From_KSEI/LK-21092026-7121-00.pdf-0.pdf","","","","","","","","","","","","","","","","","","","","","","","",""
"a4bb0a51-e839-44d7-b7b2-3b6adabd56be","2026-09-21T11:06:55","second","NSSS.JK","Samuel Tumbuh Bersama","others","Change in Samuel Tumbuh Bersama's position in Nusantara Sawit Sejahtera","Samuel Tumbuh Bersama executed a transaction for 1,798,550,000 shares of Nusantara Sawit Sejahtera. This increases their holdings from 3,349,088,700 to 5,147,638,700 shares. The stated purpose of the transaction was share repurchase.","14.07","21.63","7.56","3349088700","5147638700","1798550000","0","https://www.idx.co.id/StaticData/NewsAndAnnouncement/ANNOUNCEMENTSTOCK/From_KSEI/LK-21092026-2472-00.pdf-0.pdf","","","","","","","","","","","","","","","","","","","","","","","",""
"a7518c11-0a94-421d-8055-d170e4dcb02f","2026-09-18T22:29:37","second","TOWR.JK","Anita Anwar","sell","Anita Anwar sells shares of Sarana Menara Nusantara","This transaction is part of a cluster-sell transaction amidst other insider sells during the last 6 months. Anita Anwar's insider disposal comes after Eko Santoso Hadiprodjo, Kenny Harjo, Ario Wibisono and Ferdinandus Aming Santoso in Sarana Menara Nusantara, totaling a distribution of 184,557,000 shares transacted at an average price of IDR 437.","0.054","0","-0.054","32166600","2600","32164000","14055668000","https://www.idx.co.id/StaticData/NewsAndAnnouncement/ANNOUNCEMENTSTOCK/From_KSEI/LK-18092026-8160-00.pdf-0.pdf","","","","","","","","","","","","","","","","","","","","","","","",""
"a8c070ef-a9fc-4796-a925-d9665eba037f","2026-09-22T17:00:44","second","BYAN.JK","Alastair Gordon Christopher Mcleod","sell","Alastair Gordon Christopher Mcleod sells shares of Bayan Resources","This transaction is part of a cluster-sell transaction amidst other insider sells during the last 6 months. Alastair Gordon Christopher Mcleod's insider disposal comes after Oliver Khaw Kar Heng, Neil Russell John and Ulina Fitriani in Bayan Resources, totaling a distribution of 9,682,400 shares transacted at an average price of IDR 11,379.","0.01","0.01","0","4000000","3814800","185200","2472790400","https://www.idx.co.id/StaticData/NewsAndAnnouncement/ANNOUNCEMENTSTOCK/From_KSEI/LK-22092026-8820-00.pdf-0.pdf","","","","","","","","","","","","","","","","","","","","","","","",""
"b0c3f989-c147-4534-ab8a-a649dd675f96","2026-09-17T19:03:03","second","KKGI.JK","Drs. Hendro Martowardojo","buy","Drs. Hendro Martowardojo buys shares of Resource Alam Indonesia","Drs. Hendro Martowardojo bought 200,000 shares of Resource Alam Indonesia. This increases their holdings from 5,514,528 to 5,714,528 shares. The stated purpose of the transaction was investment.","0.11","0.114","0.004","5514528","5714528","200000","61970600","https://www.idx.co.id/StaticData/NewsAndAnnouncement/ANNOUNCEMENTSTOCK/From_KSEI/LK-17092026-2728-00.pdf-0.pdf","","","","","","","","","","","","","","","","","","","","","","","",""
"b2e59f45-14e7-4639-842c-25d3bddf3451","2026-09-21T11:43:46","second","CPIN.JK","Hery","buy","Hery buys shares of Charoen Pokphand Indonesia","Hery bought 6,950,000 shares of Charoen Pokphand Indonesia. This increases their holdings from 905,540,960 to 912,490,960 shares. The stated purpose of the transaction was the indirect shareholder is royalton equities corp and its affiliates, via uob kay hian pte ltd and bonham nominees pte ltd..","5.52","5.56","0.04","905540960","912490960","6950000","21475500000","https://www.idx.co.id/StaticData/NewsAndAnnouncement/ANNOUNCEMENTSTOCK/From_KSEI/LK-21092026-2278-00.pdf-0.pdf","","","","","","","","","","","","","","","","","","","","","","","",""
"b348a58a-f57a-4a08-945f-e0dadbc06c18","2026-09-23T14:55:25","second","DEWI.JK","Sujito Ngatiman","buy","Sujito Ngatiman buys shares of Dewi Shri Farmindo","This is Sujito Ngatiman's 7th insider purchase in the last 6 months, totaling an accumulation of 38,023,630 shares transacted at an average price of IDR 140. Sujito Ngatiman's ownership in Dewi Shri Farmindo has increased from 7.53% to 8.05% in this period.","7.53","8.05","0.52","150665600","161165600","10500000","1648500000","https://www.idx.co.id/StaticData/NewsAndAnnouncement/ANNOUNCEMENTSTOCK/From_KSEI/LK-23092026-1710-00.pdf-0.pdf","2026-09-23T14:50:05","sell","8.19","7.53","-0.66","Sujito Ngatiman sells shares of Dewi Shri Farmindo","This is Sujito Ngatiman's 5th insider disposal in the last 6 months, totaling a distribution of 25,082,900 shares transacted at an average price of IDR 137. Sujito Ngatiman's ownership in Dewi Shri Farmindo has decreased from 8.19% to 7.53% in this period.","2026-09-23T14:44:11","buy","7.42","8.06","0.64","Sujito Ngatiman buys shares of Dewi Shri Farmindo","This is Sujito Ngatiman's 6th insider purchase in the last 6 months, totaling an accumulation of 27,523,630 shares transacted at an average price of IDR 134. Sujito Ngatiman's ownership in Dewi Shri Farmindo has increased from 7.42% to 8.06% in this period.","","","","","","","","","",""
"b4747f57-ff82-41ad-b416-1a99593f81a8","2026-09-22T16:46:19","second","SMLE.JK","Sinergi Asia Corporindo","sell","Sinergi Asia Corporindo sells shares of Sinergi Multi Lestarindo","This is Sinergi Asia Corporindo's 6th insider disposal in the last 6 months, totaling a distribution of 319,780,300 shares transacted at an average price of IDR 98. Sinergi Asia Corporindo's ownership in Sinergi Multi Lestarindo has decreased from 56.728% to 56.331% in this period.","56.728","56.331","-0.397","1320720200","1311470200","9250000","1970250000","https://www.idx.co.id/StaticData/NewsAndAnnouncement/ANNOUNCEMENTSTOCK/From_KSEI/LK-22092026-6210-00.pdf-0.pdf","","","","","","","","","","","","","","","","","","","","","","","",""
"b547f3aa-c91d-444e-9d36-728c2aaddeeb","2026-09-23T16:38:26","second","WINR.JK","Pemenang Nusantara Internasional","sell","Pemenang Nusantara Internasional sells shares of Winner Nusantara Jaya","This is Pemenang Nusantara Internasional's 53rd insider disposal in the last 6 months, totaling a distribution of 905,473,200 shares transacted at an average price of IDR 24. Pemenang Nusantara Internasional's ownership in Winner Nusantara Jaya has decreased from 46.91% to 46.31% in this period.","46.91","46.31","-0.6","2455664400","2424664400","31000000","713000000","https://www.idx.co.id/StaticData/NewsAndAnnouncement/ANNOUNCEMENTSTOCK/From_KSEI/LK-23092026-1639-00.pdf-0.pdf","2026-09-22T16:41:17","sell","47.14","46.91","-0.23","Pemenang Nusantara Internasional sells shares of Winner Nusantara Jaya","This is Pemenang Nusantara Internasional's 53rd insider disposal in the last 6 months, totaling a distribution of 932,643,200 shares transacted at an average price of IDR 24. Pemenang Nusantara Internasional's ownership in Winner Nusantara Jaya has decreased from 47.14% to 46.91% in this period.","2026-09-20T23:18:47","sell","47.33","47.14","-0.19","Pemenang Nusantara Internasional sells shares of Winner Nusantara Jaya","This is Pemenang Nusantara Internasional's 52nd insider disposal in the last 6 months, totaling a distribution of 920,580,100 shares transacted at an average price of IDR 24. Pemenang Nusantara Internasional's ownership in Winner Nusantara Jaya has decreased from 47.33% to 47.14% in this period.","2026-09-19T13:01:15","sell","47.72","47.33","-0.39","Pemenang Nusantara Internasional sells shares of Winner Nusantara Jaya","This is Pemenang Nusantara Internasional's 51st insider disposal in the last 6 months, totaling a distribution of 910,580,100 shares transacted at an average price of IDR 24. Pemenang Nusantara Internasional's ownership in Winner Nusantara Jaya has decreased from 47.72% to 47.33% in this period.","","",""
"bac07448-022a-4095-b029-d25b7684299d","2026-09-23T16:10:00","second","BRMS.JK","Adika Aryasthana Bakrie","buy","Adika Aryasthana Bakrie buys shares of Bumi Resources Minerals","Adika Aryasthana Bakrie bought 750,500 shares of Bumi Resources Minerals. This increases their holdings from 0 to 750,500 shares. The stated purpose of the transaction was investment.","0","0","0","0","750500","750500","499082500","https://www.idx.co.id/StaticData/NewsAndAnnouncement/ANNOUNCEMENTSTOCK/From_KSEI/LK-23092026-7171-00.pdf-0.pdf","","","","","","","","","","","","","","","","","","","","","","","",""
"bd3f762b-4fcf-4f5f-87af-c27912a0a900","2026-09-23T14:50:05","second","DEWI.JK","Sujito Ngatiman","sell","Sujito Ngatiman sells shares of Dewi Shri Farmindo","This is Sujito Ngatiman's 5th insider disposal in the last 6 months, totaling a distribution of 25,082,900 shares transacted at an average price of IDR 137. Sujito Ngatiman's ownership in Dewi Shri Farmindo has decreased from 8.19% to 7.53% in this period.","8.19","7.53","-0.66","163815000","150665600","13149400","2011858200","https://www.idx.co.id/StaticData/NewsAndAnnouncement/ANNOUNCEMENTSTOCK/From_KSEI/LK-23092026-1979-00.pdf-0.pdf","2026-09-23T14:44:11","buy","7.42","8.06","0.64","Sujito Ngatiman buys shares of Dewi Shri Farmindo","This is Sujito Ngatiman's 6th insider purchase in the last 6 months, totaling an accumulation of 27,523,630 shares transacted at an average price of IDR 134. Sujito Ngatiman's ownership in Dewi Shri Farmindo has increased from 7.42% to 8.06% in this period.","","","","","","","","","","","","","","","","",""
"bf5dec63-57f1-4987-80e3-daee5a92dff9","2026-09-21T13:58:21","second","CYBR.JK","Doni Mora Se","sell","Doni Mora Se sells shares of ITSEC Asia","This is Doni Mora Se's 3rd insider disposal in the last 6 months, totaling a distribution of 251,900 shares transacted at an average price of IDR 532. Doni Mora Se's ownership in ITSEC Asia has decreased from 0.033% to 0.033% in this period.","0.033","0.033","0","4509300","4409300","100000","53500000","https://www.idx.co.id/StaticData/NewsAndAnnouncement/ANNOUNCEMENTSTOCK/From_KSEI/LK-21092026-0586-00.pdf-0.pdf","2026-09-17T14:46:42","sell","0.034","0.033","-0.001","Doni Mora Se sells shares of ITSEC Asia","Doni Mora Se sold 100,000 shares of ITSEC Asia. This decreases their holdings from 4,609,300 to 4,509,300 shares. The stated purpose of the transaction was investment.","","","","","","","","","","","","","","","","",""
"c464b618-d9cd-4918-b8a3-9e2223075874","2026-09-17T10:23:41","second","INPS.JK","Graha Inti Guna Persada","sell","Graha Inti Guna Persada sells shares of Indah Prakasa Sentosa","This transaction is part of a cluster-sell transaction amidst other insider sells during the last 6 months. Graha Inti Guna Persada's insider disposal comes after Eddy Purwanto Winata, Surya Perkasa Sentosa, Sinar Ratu Sentosa and Jerry Erfansyah in Indah Prakasa Sentosa, totaling a distribution of 695,988,000 shares transacted at an average price of IDR 114.","67.98","67.88","-0.1","441893000","441243000","650000","227500000","https://www.idx.co.id/StaticData/NewsAndAnnouncement/ANNOUNCEMENTSTOCK/From_KSEI/LK-17092026-2056-00.pdf-0.pdf","","","","","","","","","","","","","","","","","","","","","","","",""
"c7da4599-62f3-4aad-ba4c-9692a31f0f97","2026-09-17T15:08:45","second","CPIN.JK","Ubs Ag Ldn Branch A/C Client","buy","Ubs Ag Ldn Branch A/C Client buys shares of Charoen Pokphand Indonesia","Ubs Ag Ldn Branch A/C Client bought 2,261,447 shares of Charoen Pokphand Indonesia. This increases their holdings from 982,737,000 to 984,998,447 shares. The stated purpose of the transaction was ubs purchased shares to hedge client derivatives trading activities..","5.99","6.01","0.02","982737000","984998447","2261447","7103205027","https://www.idx.co.id/StaticData/NewsAndAnnouncement/ANNOUNCEMENTSTOCK/From_KSEI/LK-17092026-1342-00.pdf-0.pdf","","","","","","","","","","","","","","","","","","","","","","","",""
"c8047f0e-454e-485c-ac4c-0b8176f8b197","2026-09-17T16:50:20","second","BKSL.JK","Samuel Sekuritas Indonesia","sell","Samuel Sekuritas Indonesia sells shares of Sentul City","This is Samuel Sekuritas Indonesia's 13th insider disposal in the last 6 months, totaling a distribution of 9,576,913,700 shares transacted at an average price of IDR 78. Samuel Sekuritas Indonesia's ownership in Sentul City has decreased from 7.597% to 7.02% in this period.","7.597","7.02","-0.577","12741204300","11766798600","974405700","63336370500","https://www.idx.co.id/StaticData/NewsAndAnnouncement/ANNOUNCEMENTSTOCK/From_KSEI/LK-17092026-0201-00.pdf-0.pdf","","","","","","","","","","","","","","","","","","","","","","","",""
"ce477526-74b8-42cf-ad29-4df2d500cb8c","2026-09-21T14:10:22","second","TCPI.JK","Cgs International Sekuritas Indonesia","others","Change in Cgs International Sekuritas Indonesia's position in Transcoal Pacific","Cgs International Sekuritas Indonesia executed a transaction for 15,000,000 shares of Transcoal Pacific. This increases their holdings from 239,965,400 to 254,365,400 shares. The stated purpose of the transaction was increase of repo share collateral.","4.79","5.09","0.3","239965400","254365400","15000000","25575000000","https://www.idx.co.id/StaticData/NewsAndAnnouncement/ANNOUNCEMENTSTOCK/From_KSEI/LK-21092026-9960-00.pdf-0.pdf","","","","","","","","","","","","","","","","","","","","","","","",""
"ce848889-bfb9-4ee1-b4d0-23a18d7caab9","2026-09-23T15:20:28","second","DEWI.JK","Sujito Ngatiman","sell","Sujito Ngatiman sells shares of Dewi Shri Farmindo","This is Sujito Ngatiman's 7th insider disposal in the last 6 months, totaling a distribution of 51,461,900 shares transacted at an average price of IDR 153. Sujito Ngatiman's ownership in Dewi Shri Farmindo has decreased from 8.24% to 7.6% in this period.","8.24","7.6","-0.64","164817300","151958300","12859000","2263184000","https://www.idx.co.id/StaticData/NewsAndAnnouncement/ANNOUNCEMENTSTOCK/From_KSEI/LK-23092026-6035-00.pdf-0.pdf","2026-09-23T15:13:44","buy","7.59","8.44","0.85","Sujito Ngatiman buys shares of Dewi Shri Farmindo","This is Sujito Ngatiman's 9th insider purchase in the last 6 months, totaling an accumulation of 68,232,230 shares transacted at an average price of IDR 148. Sujito Ngatiman's ownership in Dewi Shri Farmindo has increased from 7.59% to 8.44% in this period.","2026-09-23T15:09:55","sell","8.27","7.6","-0.67","Sujito Ngatiman sells shares of Dewi Shri Farmindo","This is Sujito Ngatiman's 6th insider disposal in the last 6 months, totaling a distribution of 38,602,900 shares transacted at an average price of IDR 146. Sujito Ngatiman's ownership in Dewi Shri Farmindo has decreased from 8.27% to 7.6% in this period.","2026-09-23T15:04:47","buy","7.52","8.23","0.71","Sujito Ngatiman buys shares of Dewi Shri Farmindo","This is Sujito Ngatiman's 8th insider purchase in the last 6 months, totaling an accumulation of 55,323,630 shares transacted at an average price of IDR 145. Sujito Ngatiman's ownership in Dewi Shri Farmindo has increased from 7.52% to 8.23% in this period.","","",""
"cf7dcbb0-529f-4941-80ed-cba78fc173f9","2026-09-18T19:05:05","second","TOWR.JK","Ario Wibisono","sell","Ario Wibisono sells shares of Sarana Menara Nusantara","Ario Wibisono sold 7,861,000 shares of Sarana Menara Nusantara. This decreases their holdings from 249,516,800 to 241,655,800 shares. The stated purpose of the transaction was divestiture.","0.422","0.409","-0.013","249516800","241655800","7861000","3435257000","https://www.idx.co.id/StaticData/NewsAndAnnouncement/ANNOUNCEMENTSTOCK/From_KSEI/LK-18092026-8351-00.pdf-0.pdf","","","","","","","","","","","","","","","","","","","","","","","",""
"d0bead73-cc0c-4c04-9103-b3bbf8ebe572","2026-09-22T10:00:00","second","AKPI.JK","Henry Liem","sell","Henry Liem sells shares of Argha Karya Prima Ind","This is Henry Liem's 38th insider disposal in the last 6 months, totaling a distribution of 7,367,200 shares transacted at an average price of IDR 516. Henry Liem's ownership in Argha Karya Prima Ind has decreased from 1.228% to 1.223% in this period.","1.228","1.223","-0.005","7520459","7486759","33700","17861000","https://www.idx.co.id/StaticData/NewsAndAnnouncement/ANNOUNCEMENTSTOCK/From_KSEI/LK-22092026-8137-00.pdf-0.pdf","","","","","","","","","","","","","","","","","","","","","","","",""
"d0c2bca3-3160-44a1-a3ed-316a875401c1","2026-09-23T11:50:18","second","NSSS.JK","Samuel Tumbuh Bersama","others","Change in Samuel Tumbuh Bersama's position in Nusantara Sawit Sejahtera","Samuel Tumbuh Bersama executed a transaction for 1,059,583,200 shares of Nusantara Sawit Sejahtera. This decreases their holdings from 8,745,950,500 to 7,686,357,300 shares. The stated purpose of the transaction was share borrowing.","36.75","32.29","-4.46","8745950500","7686357300","1059583200","0","https://www.idx.co.id/StaticData/NewsAndAnnouncement/ANNOUNCEMENTSTOCK/From_KSEI/LK-23092026-7669-00.pdf-0.pdf","2026-09-21T11:06:55","others","14.07","21.63","7.56","Change in Samuel Tumbuh Bersama's position in Nusantara Sawit Sejahtera","Samuel Tumbuh Bersama executed a transaction for 1,798,550,000 shares of Nusantara Sawit Sejahtera. This increases their holdings from 3,349,088,700 to 5,147,638,700 shares. The stated purpose of the transaction was share repurchase.","","","","","","","","","","","","","","","","",""
"d0fd4764-201a-4b1b-ae5d-506b75978233","2026-09-18T16:20:56","second","CPIN.JK","Ubs Ag Ldn Branch A/C Client","sell","Ubs Ag Ldn Branch A/C Client sells shares of Charoen Pokphand Indonesia","Ubs Ag Ldn Branch A/C Client sold 1,192,600 shares of Charoen Pokphand Indonesia. This decreases their holdings from 984,998,447 to 983,805,847 shares. The stated purpose of the transaction was ubs sold shares to hedge client derivative trading activities.","6.01","6","-0.01","984998447","983805847","1192600","3710178600","https://www.idx.co.id/StaticData/NewsAndAnnouncement/ANNOUNCEMENTSTOCK/From_KSEI/LK-18092026-7771-00.pdf-0.pdf","2026-09-17T15:08:45","buy","5.99","6.01","0.02","Ubs Ag Ldn Branch A/C Client buys shares of Charoen Pokphand Indonesia","Ubs Ag Ldn Branch A/C Client bought 2,261,447 shares of Charoen Pokphand Indonesia. This increases their holdings from 982,737,000 to 984,998,447 shares. The stated purpose of the transaction was ubs purchased shares to hedge client derivatives trading activities..","","","","","","","","","","","","","","","","",""
"d14b6dfe-74cf-46b6-8069-bffaabb3cfe6","2026-09-21T13:48:51","second","CYBR.JK","Patrick Rudolf Dannacher","buy","Patrick Rudolf Dannacher buys shares of ITSEC Asia","This is Patrick Rudolf Dannacher's 33rd insider purchase in the last 6 months, totaling an accumulation of 99,750,500 shares transacted at an average price of IDR 640. Patrick Rudolf Dannacher's ownership in ITSEC Asia has increased from 0.715% to 0.72% in this period.","0.715","0.72","0.005","96466500","97173200","706700","369855500","https://www.idx.co.id/StaticData/NewsAndAnnouncement/ANNOUNCEMENTSTOCK/From_KSEI/LK-21092026-1557-00.pdf-0.pdf","","","","","","","","","","","","","","","","","","","","","","","",""
"d3a38fa1-6065-4d10-b4cb-67ffd01bbd28","2026-09-17T17:05:55","second","NSSS.JK","Samuel Sekuritas Indonesia","sell","Samuel Sekuritas Indonesia sells shares of Nusantara Sawit Sejahtera","This is Samuel Sekuritas Indonesia's 30th insider disposal in the last 6 months, totaling a distribution of 14,484,976,900 shares transacted at an average price of IDR 625. Samuel Sekuritas Indonesia's ownership in Nusantara Sawit Sejahtera has decreased from 20.42% to 16.62% in this period.","20.42","16.62","-3.8","4860938900","3956944700","903994200","782100843000","https://www.idx.co.id/StaticData/NewsAndAnnouncement/ANNOUNCEMENTSTOCK/From_KSEI/LK-17092026-5620-00.pdf-0.pdf","","","","","","","","","","","","","","","","","","","","","","","",""
"d53fcdc8-7255-4c26-aa10-174c9443d8e8","2026-09-23T12:47:53","second","BYAN.JK","Alastair Gordon Christopher Mcleod","sell","Alastair Gordon Christopher Mcleod sells shares of Bayan Resources","This transaction is part of a cluster-sell transaction amidst other insider sells during the last 6 months. Alastair Gordon Christopher Mcleod's insider disposal comes after Oliver Khaw Kar Heng, Neil Russell John and Ulina Fitriani in Bayan Resources, totaling a distribution of 10,206,700 shares transacted at an average price of IDR 11,481.","0.01","0.01","0","3814800","3290500","524300","7011463900","https://www.idx.co.id/StaticData/NewsAndAnnouncement/ANNOUNCEMENTSTOCK/From_KSEI/LK-23092026-9874-00.pdf-0.pdf","2026-09-22T17:00:44","sell","0.01","0.01","0","Alastair Gordon Christopher Mcleod sells shares of Bayan Resources","This transaction is part of a cluster-sell transaction amidst other insider sells during the last 6 months. Alastair Gordon Christopher Mcleod's insider disposal comes after Oliver Khaw Kar Heng, Neil Russell John and Ulina Fitriani in Bayan Resources, totaling a distribution of 9,682,400 shares transacted at an average price of IDR 11,379.","","","","","","","","","","","","","","","","",""
"d58aca1c-b3c4-4939-8f1a-8619257e83a8","2026-09-18T13:10:52","second","TEBE.JK","Gt.Denny Ramdhani","sell","Gt.Denny Ramdhani sells shares of Dana Brata Luhur","Gt.Denny Ramdhani sold 50,000 shares of Dana Brata Luhur. This decreases their holdings from 50,000 to 0 shares. The stated purpose of the transaction was divestiture.","0.004","0","-0.004","50000","0","50000","106500000","https://www.idx.co.id/StaticData/NewsAndAnnouncement/ANNOUNCEMENTSTOCK/From_KSEI/LK-18092026-7561-00.pdf-0.pdf","","","","","","","","","","","","","","","","","","","","","","","",""
"d5d0f22f-e821-482f-8d20-940d0ac78a43","2026-09-23T11:28:47","second","AKPI.JK","Henry Liem","buy","Henry Liem buys shares of Argha Karya Prima Ind","This is Henry Liem's 5th insider purchase in the last 6 months, totaling an accumulation of 863,700 shares transacted at an average price of IDR 483. Henry Liem's ownership in Argha Karya Prima Ind has increased from 1.223% to 1.256% in this period.","1.223","1.256","0.033","7486759","7686759","200000","100000000","https://www.idx.co.id/StaticData/NewsAndAnnouncement/ANNOUNCEMENTSTOCK/From_KSEI/LK-23092026-7452-00.pdf-0.pdf","2026-09-22T10:00:00","sell","1.228","1.223","-0.005","Henry Liem sells shares of Argha Karya Prima Ind","This is Henry Liem's 38th insider disposal in the last 6 months, totaling a distribution of 7,367,200 shares transacted at an average price of IDR 516. Henry Liem's ownership in Argha Karya Prima Ind has decreased from 1.228% to 1.223% in this period.","","","","","","","","","","","","","","","","",""
"d7fc4dc4-e7ba-4d66-9722-161d3d7f89aa","2026-09-20T08:07:55","second","BMBL.JK","Sentra Investa Maksima","sell","Sentra Investa Maksima sells shares of Lavender Bina Cendikia","This is Sentra Investa Maksima's 4th insider disposal in the last 6 months, totaling a distribution of 7,837,600 shares transacted at an average price of IDR 33. Sentra Investa Maksima's ownership in Lavender Bina Cendikia has decreased from 9.0% to 8.76% in this period.","9","8.76","-0.24","92733000","90233000","2500000","76500000","https://www.idx.co.id/StaticData/NewsAndAnnouncement/ANNOUNCEMENTSTOCK/From_KSEI/LK-20092026-5384-00.pdf-0.pdf","","","","","","","","","","","","","","","","","","","","","","","",""
"e8364cdf-b8ef-4bed-8f4e-87d9df2a6605","2026-09-18T17:32:26","second","IMPC.JK","Tunggal Jaya Investama","buy","Tunggal Jaya Investama buys shares of Impack Pratama Industri","This transaction is part of a cluster-buy transaction amidst other insider buys during the last 6 months. Tunggal Jaya Investama's insider purchase comes after Harimas Tunggal Perkasa, Haryanto Tjiptodihardjo, Impack Pratama Industri and Phillip Tjipto in Impack Pratama Industri, totaling an accumulation of 2,341,906,057 shares transacted at an average price of IDR 1,354.","38.42","38.42","0","21092717194","21096067194","3350000","5519300000","https://www.idx.co.id/StaticData/NewsAndAnnouncement/ANNOUNCEMENTSTOCK/From_KSEI/LK-18092026-6972-00.pdf-0.pdf","","","","","","","","","","","","","","","","","","","","","","","",""
"ec2816a8-bd5c-491d-b190-1a495de92f65","2026-09-21T13:43:49","second","CPIN.JK","Ubs Ag Ldn Branch A/C Client","buy","Ubs Ag Ldn Branch A/C Client buys shares of Charoen Pokphand Indonesia","Ubs Ag Ldn Branch A/C Client bought 3,206,900 shares of Charoen Pokphand Indonesia. This increases their holdings from 983,805,847 to 987,012,747 shares. The stated purpose of the transaction was ubs purchased shares to hedge its clients' derivatives trading activities..","6","6.019","0.019","983805847","987012747","3206900","10063252200","https://www.idx.co.id/StaticData/NewsAndAnnouncement/ANNOUNCEMENTSTOCK/From_KSEI/LK-21092026-2312-00.pdf-0.pdf","2026-09-18T16:20:56","sell","6.01","6","-0.01","Ubs Ag Ldn Branch A/C Client sells shares of Charoen Pokphand Indonesia","Ubs Ag Ldn Branch A/C Client sold 1,192,600 shares of Charoen Pokphand Indonesia. This decreases their holdings from 984,998,447 to 983,805,847 shares. The stated purpose of the transaction was ubs sold shares to hedge client derivative trading activities.","2026-09-17T15:08:45","buy","5.99","6.01","0.02","Ubs Ag Ldn Branch A/C Client buys shares of Charoen Pokphand Indonesia","Ubs Ag Ldn Branch A/C Client bought 2,261,447 shares of Charoen Pokphand Indonesia. This increases their holdings from 982,737,000 to 984,998,447 shares. The stated purpose of the transaction was ubs purchased shares to hedge client derivatives trading activities..","","","","","","","","","",""
"f4c4a35c-4400-43a1-84d0-9a5a1ef1f32e","2026-09-22T20:19:43","second","KKGI.JK","Drs. Hendro Martowardojo","buy","Drs. Hendro Martowardojo buys shares of Resource Alam Indonesia","This is Drs. Hendro Martowardojo's 3rd insider purchase in the last 6 months, totaling an accumulation of 593,000 shares transacted at an average price of IDR 302. Drs. Hendro Martowardojo's ownership in Resource Alam Indonesia has increased from 0.114% to 0.116% in this period.","0.114","0.116","0.002","5714528","5807528","93000","30504000","https://www.idx.co.id/StaticData/NewsAndAnnouncement/ANNOUNCEMENTSTOCK/From_KSEI/LK-22092026-9273-00.pdf-0.pdf","2026-09-17T19:03:03","buy","0.11","0.114","0.004","Drs. Hendro Martowardojo buys shares of Resource Alam Indonesia","Drs. Hendro Martowardojo bought 200,000 shares of Resource Alam Indonesia. This increases their holdings from 5,514,528 to 5,714,528 shares. The stated purpose of the transaction was investment.","","","","","","","","","","","","","","","","",""
"f5335bba-0656-4567-becf-a679853a666d","2026-09-21T16:41:44","second","NSSS.JK","Samuel Sekuritas Indonesia","buy","Samuel Sekuritas Indonesia buys shares of Nusantara Sawit Sejahtera","This is Samuel Sekuritas Indonesia's 24th insider purchase in the last 6 months, totaling an accumulation of 8,954,468,500 shares transacted at an average price of IDR 756. Samuel Sekuritas Indonesia's ownership in Nusantara Sawit Sejahtera has increased from 14.06% to 15.834% in this period.","14.06","15.834","1.774","3345613500","3767857900","422244400","316683300000","https://www.idx.co.id/StaticData/NewsAndAnnouncement/ANNOUNCEMENTSTOCK/From_KSEI/LK-21092026-7501-00.pdf-0.pdf","2026-09-18T17:20:54","sell","16.62","14.06","-2.56","Samuel Sekuritas Indonesia sells shares of Nusantara Sawit Sejahtera","This is Samuel Sekuritas Indonesia's 31st insider disposal in the last 6 months, totaling a distribution of 15,096,308,100 shares transacted at an average price of IDR 637. Samuel Sekuritas Indonesia's ownership in Nusantara Sawit Sejahtera has decreased from 16.62% to 14.06% in this period.","2026-09-17T17:05:55","sell","20.42","16.62","-3.8","Samuel Sekuritas Indonesia sells shares of Nusantara Sawit Sejahtera","This is Samuel Sekuritas Indonesia's 30th insider disposal in the last 6 months, totaling a distribution of 14,484,976,900 shares transacted at an average price of IDR 625. Samuel Sekuritas Indonesia's ownership in Nusantara Sawit Sejahtera has decreased from 20.42% to 16.62% in this period.","","","","","","","","","",""
"fa502b7f-2937-4f8d-ae80-45e30edc4b26","2026-09-17T17:00:49","second","KDTN.JK","Putrasakti Mandiri","buy","Putrasakti Mandiri buys shares of Puri Sentul Permai","This is Putrasakti Mandiri's 4th insider purchase in the last 6 months, totaling an accumulation of 2,400,000 shares transacted at an average price of IDR 362. Putrasakti Mandiri's ownership in Puri Sentul Permai has increased from 32.11% to 32.15% in this period.","32.11","32.15","0.04","401500000","402000000","500000","194500000","https://www.idx.co.id/StaticData/NewsAndAnnouncement/ANNOUNCEMENTSTOCK/From_KSEI/LK-17092026-1849-00.pdf-0.pdf","2026-09-17T16:51:05","sell","32.13","32.11","-0.02","Putrasakti Mandiri sells shares of Puri Sentul Permai","This is Putrasakti Mandiri's 18th insider disposal in the last 6 months, totaling a distribution of 71,100,000 shares transacted at an average price of IDR 410. Putrasakti Mandiri's ownership in Puri Sentul Permai has decreased from 32.13% to 32.11% in this period.","","","","","","","","","","","","","","","","",""
"fd577e01-2a79-4557-b652-927c9383c5b1","2026-09-22T18:22:52","second","ZONE.JK","Vanda Gunawan","buy","Vanda Gunawan buys shares of Mega Perintis","Vanda Gunawan bought 1,400,000 shares of Mega Perintis. This increases their holdings from 106,225,000 to 107,625,000 shares. The stated purpose of the transaction was purchase.","12.21","12.37","0.16","106225000","107625000","1400000","938000000","https://www.idx.co.id/StaticData/NewsAndAnnouncement/ANNOUNCEMENTSTOCK/From_KSEI/LK-22092026-0390-00.pdf-0.pdf","","","","","","","","","","","","","","","","","","","","","","","",""
"05eb545a-78dc-4f07-87ab-c57e81730d91","2026-07-09T17:17:23","second","FUTR.JK","Dana Wijaya","buy","Dana Wijaya buys shares of Futura Energi Global","Dana Wijaya bought 79,626,500 shares of Futura Energi Global. This increases their holdings from 0 to 79,626,500 shares. The stated purpose of the transaction was investment.","0","1.2","1.2","0","79626500","79626500","17517830000","https://www.idx.co.id/StaticData/NewsAndAnnouncement/ANNOUNCEMENTSTOCK/From_KSEI/LK-09072026-7860-00.pdf-0.pdf","","","","","","","","","","","","","","","","","","","","","","","",""
"07f1c25c-db7a-4824-bf7d-91334c10c2d6","2026-07-09T11:37:14","second","LFLO.JK","Erlangga Ksatria","buy","Erlangga Ksatria buys shares of Imago Mulia Persada","Erlangga Ksatria bought 4,703,000 shares of Imago Mulia Persada. This increases their holdings from 319,463,460 to 324,166,460 shares. The stated purpose of the transaction was investment.","24.43","24.79","0.36","319463460","324166460","4703000","564360000","https://www.idx.co.id/StaticData/NewsAndAnnouncement/ANNOUNCEMENTSTOCK/From_KSEI/LK-09072026-1166-00.pdf-0.pdf","","","","","","","","","","","","","","","","","","","","","","","",""
"24288e42-b152-4be4-8e9f-1152b78cb7af","2026-07-09T09:06:25","second","CUAN.JK","Kartika Hendrawan","buy","Kartika Hendrawan buys shares of Petrindo Jaya Kreasi","This transaction is part of a cluster-buy transaction amidst other insider buys during the last 6 months. Kartika Hendrawan's insider purchase comes after Prajogo Pangestu, Michael and Erwin Ciputra in Petrindo Jaya Kreasi, totaling an accumulation of 26,301,500 shares transacted at an average price of IDR 1,635.","0.003","0.003","0","3146000","3346000","200000","124000000","https://www.idx.co.id/StaticData/NewsAndAnnouncement/ANNOUNCEMENTSTOCK/From_KSEI/LK-09072026-9071-00.pdf-0.pdf","","","","","","","","","","","","","","","","","","","","","","","",""
"30f0ac88-22d3-4f70-9aae-67651e455951","2026-07-09T14:00:29","second","RLCO.JK","Samuel Sekuritas Indonesia","sell","Samuel Sekuritas Indonesia sells shares of Abadi Lestari Indonesia","Samuel Sekuritas Indonesia's disposal of RLCO shares is part of a larger exposure reduction that sees the firm trimming position across 4 companies in the last 6 months. Alongside RLCO, the firm has also disposed shares of BKSL, NSSS and FILM, totaling IDR 2,551,957,223,000.0 across all disposals in this period.","5.8","4.52","-1.28","181320500","141249400","40071100","216985006500","https://www.idx.co.id/StaticData/NewsAndAnnouncement/ANNOUNCEMENTSTOCK/From_KSEI/LK-09072026-6347-00.pdf-0.pdf","","","","","","","","","","","","","","","","","","","","","","","",""
"336cc0ba-d81e-4933-9e65-3e6dcbcad366","2026-07-09T14:29:39","second","NSSS.JK","Samuel Sekuritas Indonesia","sell","Samuel Sekuritas Indonesia sells shares of Nusantara Sawit Sejahtera","This is Samuel Sekuritas Indonesia's 6th insider disposal in the last 6 months, totaling a distribution of 3,600,821,200 shares transacted at an average price of IDR 517. Samuel Sekuritas Indonesia's ownership in Nusantara Sawit Sejahtera has decreased from 42.73% to 35.18% in this period.","42.73","35.18","-7.55","10169179100","8372933200","1796245900","851621549400","https://www.idx.co.id/StaticData/NewsAndAnnouncement/ANNOUNCEMENTSTOCK/From_KSEI/LK-09072026-5264-00.pdf-0.pdf","","","","","","","","","","","","","","","","","","","","","","","",""
"43d90f5d-ed05-49b9-bb56-c333c81ca2b4","2026-07-09T20:24:03","second","BEEF.JK","Estika Tata Tiara","others","Change in Estika Tata Tiara's position in Estika Tata Tiara","Estika Tata Tiara executed a transaction for 2,314,000 shares of Estika Tata Tiara. This increases their holdings from 41,028,200 to 43,342,200 shares. The stated purpose of the transaction was share repurchase program.","0","0","0","41028200","43342200","2314000","612724000","https://www.idx.co.id/StaticData/NewsAndAnnouncement/ANNOUNCEMENTSTOCK/From_KSEI/LK-09072026-9072-00.pdf-0.pdf","","","","","","","","","","","","","","","","","","","","","","","",""
"4ceec1cb-f5a1-4ba7-86f5-13b71e6a4d8e","2026-07-09T19:36:44","second","MICE.JK","Siwie Honoris","buy","Siwie Honoris buys shares of Multi Indocitra","This transaction is part of a cluster-buy transaction amidst other insider buys during the last 6 months. Siwie Honoris's insider purchase comes after Buana Graha Utama and Anthony Honoris in Multi Indocitra, totaling an accumulation of 2,622,000 shares transacted at an average price of IDR 552.","0.004","0.02","0.016","23100","119700","96600","49100000","https://www.idx.co.id/StaticData/NewsAndAnnouncement/ANNOUNCEMENTSTOCK/From_KSEI/LK-09072026-5207-00.pdf-0.pdf","","","","","","","","","","","","","","","","","","","","","","","",""
"5eaea33d-1bc7-4c33-aaa8-64fbf6021ce7","2026-07-09T16:38:13","second","TOTL.JK","Saleh","sell","Saleh sells shares of Total Bangun Persada","Saleh sold 294,700 shares of Total Bangun Persada. This decreases their holdings from 8,238,800 to 7,944,100 shares. The stated purpose of the transaction was personal.","0.242","0.233","-0.009","8238800","7944100","294700","307961500","https://www.idx.co.id/StaticData/NewsAndAnnouncement/ANNOUNCEMENTSTOCK/From_KSEI/LK-09072026-0586-00.pdf-0.pdf","","","","","","","","","","","","","","","","","","","","","","","",""
"670787a9-bef8-4aa2-8e90-c9f1e31fb9bb","2026-07-09T22:33:19","second","KRYA.JK","Green City Sg","buy","Green City Sg buys shares of Bangun Karya Perkasa Jaya","Green City Sg bought 11,806,600 shares of Bangun Karya Perkasa Jaya. This increases their holdings from 362,207,800 to 374,014,400 shares. The stated purpose of the transaction was increase in shareholding.","21.77","22.73","0.96","362207800","374014400","11806600","646309300","https://www.idx.co.id/StaticData/NewsAndAnnouncement/ANNOUNCEMENTSTOCK/From_KSEI/LK-09072026-0195-00.pdf-0.pdf","","","","","","","","","","","","","","","","","","","","","","","",""
"6bc10a52-4ee4-4c0c-9c7d-ece8aea702c6","2026-07-09T15:07:31","second","CYBR.JK","Patrick Rudolf Dannacher","buy","Patrick Rudolf Dannacher buys shares of ITSEC Asia","This is Patrick Rudolf Dannacher's 36th insider purchase in the last 6 months, totaling an accumulation of 67,169,000 shares transacted at an average price of IDR 909. Patrick Rudolf Dannacher's ownership in ITSEC Asia has increased from 0.304% to 0.35% in this period.","0.304","0.35","0.046","41092700","47313500","6220800","3646474000","https://www.idx.co.id/StaticData/NewsAndAnnouncement/ANNOUNCEMENTSTOCK/From_KSEI/LK-09072026-8167-00.pdf-0.pdf","","","","","","","","","","","","","","","","","","","","","","","",""
"89932755-f4ce-4828-b45d-1e8d62971186","2026-07-09T11:31:09","second","WINS.JK","Sugiman Layanto","buy","Sugiman Layanto buys shares of Wintermar Offshore Marine","Sugiman Layanto bought 984,900 shares of Wintermar Offshore Marine. This increases their holdings from 356,136,431 to 357,121,331 shares. The stated purpose of the transaction was investment.","7.873","7.873","0","356136431","357121331","984900","521997000","https://www.idx.co.id/StaticData/NewsAndAnnouncement/ANNOUNCEMENTSTOCK/From_KSEI/LK-09072026-1886-00.pdf-0.pdf","","","","","","","","","","","","","","","","","","","","","","","",""
"a4d74b4e-a918-4173-a077-6fcb3f46016f","2026-07-09T17:03:46","second","GGRM.JK","Slamet Budiono","buy","Slamet Budiono buys shares of Gudang Garam","Slamet Budiono bought 20,000 shares of Gudang Garam. This increases their holdings from 0 to 20,000 shares. The stated purpose of the transaction was purchase.","0","0.001","0.001","0","20000","20000","317000000","https://www.idx.co.id/StaticData/NewsAndAnnouncement/ANNOUNCEMENTSTOCK/From_KSEI/LK-09072026-5546-00.pdf-0.pdf","","","","","","","","","","","","","","","","","","","","","","","",""
"a7287020-3a5c-4ce7-8bc5-d25028fbe486","2026-07-09T11:04:02","second","BIRD.JK","Sri Adriyani Lestari Dr","sell","Sri Adriyani Lestari Dr sells shares of Blue Bird","Sri Adriyani Lestari Dr sold 52,560,000 shares of Blue Bird. This decreases their holdings from 62,560,000 to 10,000,000 shares. The stated purpose of the transaction was investment.","2.5","0.4","-2.1","62560000","10000000","52560000","78314400000","https://www.idx.co.id/StaticData/NewsAndAnnouncement/ANNOUNCEMENTSTOCK/From_KSEI/LK-09072026-9950-00.pdf-0.pdf","","","","","","","","","","","","","","","","","","","","","","","",""
"b0050229-8954-44be-8ec3-b9e0a11a2fa6","2026-07-09T17:11:06","second","LFLO.JK","Ang Phek Tuan","buy","Ang Phek Tuan buys shares of Imago Mulia Persada","This transaction is part of a cluster-buy transaction amidst other insider buys during the last 6 months. Ang Phek Tuan's insider purchase comes after Erlangga Ksatria and Purnamawati Gumulya in Imago Mulia Persada, totaling an accumulation of 15,676,000 shares transacted at an average price of IDR 120.","32.57","33.05","0.48","425951280","432221280","6270000","752400000","https://www.idx.co.id/StaticData/NewsAndAnnouncement/ANNOUNCEMENTSTOCK/From_KSEI/LK-09072026-5921-00.pdf-0.pdf","","","","","","","","","","","","","","","","","","","","","","","",""
"bb3a2a56-4380-494a-9e7c-553872c6d1ba","2026-07-09T11:49:36","second","LFLO.JK","Purnamawati Gumulya","buy","Purnamawati Gumulya buys shares of Imago Mulia Persada","Purnamawati Gumulya bought 4,703,000 shares of Imago Mulia Persada. This increases their holdings from 319,463,460 to 324,166,460 shares. The stated purpose of the transaction was investment.","24.43","24.79","0.36","319463460","324166460","4703000","564360000","https://www.idx.co.id/StaticData/NewsAndAnnouncement/ANNOUNCEMENTSTOCK/From_KSEI/LK-09072026-4496-00.pdf-0.pdf","","","","","","","","","","","","","","","","","","","","","","","",""
"c8a391f9-cfed-48dd-bd20-10bc22408948","2026-07-09T14:29:39","second","NSSS.JK","Samuel Sekuritas Indonesia","buy","Samuel Sekuritas Indonesia buys shares of Nusantara Sawit Sejahtera","This is Samuel Sekuritas Indonesia's 5th insider purchase in the last 6 months, totaling an accumulation of 1,890,344,900 shares transacted at an average price of IDR 495. Samuel Sekuritas Indonesia's ownership in Nusantara Sawit Sejahtera has increased from 40.17% to 42.73% in this period.","40.17","42.73","2.56","9559919000","10169179100","609260100","351225097500","https://www.idx.co.id/StaticData/NewsAndAnnouncement/ANNOUNCEMENTSTOCK/From_KSEI/LK-09072026-5264-00.pdf-0.pdf","","","","","","","","","","","","","","","","","","","","","","","",""
"ccb9623f-a39d-46ba-b3b9-4e61a18c3667","2026-07-09T14:27:23","second","DILD.JK","Graha Intan Mandiri","sell","Graha Intan Mandiri sells shares of Intiland Development","Graha Intan Mandiri sold 260,000,000 shares of Intiland Development. This decreases their holdings from 261,390,699 to 1,390,699 shares. The stated purpose of the transaction was sale of shares to divest an investment.","2.52","0.01","-2.51","261390699","1390699","260000000","27300000000","https://www.idx.co.id/StaticData/NewsAndAnnouncement/ANNOUNCEMENTSTOCK/From_KSEI/LK-09072026-5290-00.pdf-0.pdf","","","","","","","","","","","","","","","","","","","","","","","",""
"d69546bd-817c-4c8e-8274-b4e093fea157","2026-07-09T22:21:07","second","WINR.JK","Pemenang Nusantara Internasional","sell","Pemenang Nusantara Internasional sells shares of Winner Nusantara Jaya","This is Pemenang Nusantara Internasional's 35th insider disposal in the last 6 months, totaling a distribution of 811,780,800 shares transacted at an average price of IDR 277,938,359. Pemenang Nusantara Internasional's ownership in Winner Nusantara Jaya has decreased from 55.01% to 54.96% in this period.","55.01","54.96","-0.05","2879946400","2877355900","2590500","58139800","https://www.idx.co.id/StaticData/NewsAndAnnouncement/ANNOUNCEMENTSTOCK/From_KSEI/LK-09072026-7148-00.pdf-0.pdf","","","","","","","","","","","","","","","","","","","","","","","",""
"ddbc67b7-00f8-4f4b-a305-095caf0da4b4","2026-07-09T16:01:28","second","DILD.JK","Bina Yatra Sentosa","sell","Bina Yatra Sentosa sells shares of Intiland Development","Bina Yatra Sentosa sold 1,240,489,375 shares of Intiland Development. This decreases their holdings from 1,240,489,375 to 0 shares. The stated purpose of the transaction was sale of shares as part of an investment divestiture.","11.97","0","-11.97","1240489375","0","1240489375","143370626450","https://www.idx.co.id/StaticData/NewsAndAnnouncement/ANNOUNCEMENTSTOCK/From_KSEI/LK-09072026-2172-00.pdf-0.pdf","","","","","","","","","","","","","","","","","","","","","","","",""
"e246cf27-fffd-4b0b-9b2b-7a5a5f15051a","2026-07-09T11:26:04","second","BAPA.JK","Inti Fikasa Sekuritas","sell","Inti Fikasa Sekuritas sells shares of Bekasi Asri Pemula","This is Inti Fikasa Sekuritas's 4th insider disposal in the last 6 months, totaling a distribution of 500,000 shares transacted at an average price of IDR 352. Inti Fikasa Sekuritas's ownership in Bekasi Asri Pemula has decreased from 9.46% to 9.45% in this period.","9.46","9.45","-0.01","62636100","62536100","100000","41200000","https://www.idx.co.id/StaticData/NewsAndAnnouncement/ANNOUNCEMENTSTOCK/From_KSEI/LK-09072026-4012-00.pdf-0.pdf","","","","","","","","","","","","","","","","","","","","","","","",""
"e7956be0-e5e2-4b83-a69f-7c29094a8119","2026-07-09T10:51:24","second","AMMN.JK","Anthony Robert Mathias","buy","Anthony Robert Mathias buys shares of Amman Mineral Internasional","This is Anthony Robert Mathias's 3rd insider purchase in the last 6 months, totaling an accumulation of 2,586,300 shares transacted at an average price of IDR 3,308. Anthony Robert Mathias's ownership in Amman Mineral Internasional has increased from 0.002% to 0.004% in this period.","0.002","0.004","0.002","1686300","2586300","900000","3069000000","https://www.idx.co.id/StaticData/NewsAndAnnouncement/ANNOUNCEMENTSTOCK/From_KSEI/LK-09072026-2276-00.pdf-0.pdf","","","","","","","","","","","","","","","","","","","","","","","",""
"040e84f4-1613-4631-9409-8b71702b9f70","2026-09-24T15:07:34","second","SRTG.JK","Edwin Soeryadjaya","buy","Edwin Soeryadjaya buys shares of Saratoga Investama Sedaya","This is Edwin Soeryadjaya's 8th insider purchase in the last 6 months, totaling an accumulation of 9,877,600 shares transacted at an average price of IDR 1,802. Edwin Soeryadjaya's ownership in Saratoga Investama Sedaya has increased from 35.95% to 35.956% in this period.","35.95","35.956","0.006","4876599190","4877383290","784100","1400363100","https://www.idx.co.id/StaticData/NewsAndAnnouncement/ANNOUNCEMENTSTOCK/From_KSEI/LK-24092026-4856-00.pdf-0.pdf","2026-09-22T14:43:44","buy","35.944","35.95","0.006","Edwin Soeryadjaya buys shares of Saratoga Investama Sedaya","This is Edwin Soeryadjaya's 7th insider purchase in the last 6 months, totaling an accumulation of 9,093,500 shares transacted at an average price of IDR 1,803. Edwin Soeryadjaya's ownership in Saratoga Investama Sedaya has increased from 35.944% to 35.95% in this period.","2026-09-18T16:02:21","buy","35.935","35.944","0.009","Edwin Soeryadjaya buys shares of Saratoga Investama Sedaya","This is Edwin Soeryadjaya's 6th insider purchase in the last 6 months, totaling an accumulation of 8,263,500 shares transacted at an average price of IDR 1,804. Edwin Soeryadjaya's ownership in Saratoga Investama Sedaya has increased from 35.935% to 35.944% in this period.","","","","","","","","","",""
"06be04c1-e6f2-4828-b3c5-2bfd0cf8326b","2026-09-24T18:15:42","second","IMPC.JK","Tunggal Jaya Investama","buy","Tunggal Jaya Investama buys shares of Impack Pratama Industri","This transaction is part of a cluster-buy transaction amidst other insider buys during the last 6 months. Tunggal Jaya Investama's insider purchase comes after Harimas Tunggal Perkasa, Haryanto Tjiptodihardjo, Impack Pratama Industri and Phillip Tjipto in Impack Pratama Industri, totaling an accumulation of 2,361,644,357 shares transacted at an average price of IDR 1,356.","38.43","38.46","0.03","21102392294","21115805494","13413200","20994963600","https://www.idx.co.id/StaticData/NewsAndAnnouncement/ANNOUNCEMENTSTOCK/From_KSEI/LK-24092026-8391-00.pdf-0.pdf","2026-09-22T16:08:37","buy","38.42","38.43","0.01","Tunggal Jaya Investama buys shares of Impack Pratama Industri","This transaction is part of a cluster-buy transaction amidst other insider buys during the last 6 months. Tunggal Jaya Investama's insider purchase comes after Harimas Tunggal Perkasa, Haryanto Tjiptodihardjo, Impack Pratama Industri and Phillip Tjipto in Impack Pratama Industri, totaling an accumulation of 2,348,231,157 shares transacted at an average price of IDR 1,355.","2026-09-18T17:32:26","buy","38.42","38.42","0","Tunggal Jaya Investama buys shares of Impack Pratama Industri","This transaction is part of a cluster-buy transaction amidst other insider buys during the last 6 months. Tunggal Jaya Investama's insider purchase comes after Harimas Tunggal Perkasa, Haryanto Tjiptodihardjo, Impack Pratama Industri and Phillip Tjipto in Impack Pratama Industri, totaling an accumulation of 2,341,906,057 shares transacted at an average price of IDR 1,354.","","","","","","","","","",""
"0a874433-04e5-4ae9-95a4-d397f71c2a58","2026-09-24T09:51:26","second","PPGL.JK","Jap Astrid Patricia","sell","Jap Astrid Patricia sells shares of Prima Globalindo Logistik","Jap Astrid Patricia sold 175,818,833 shares of Prima Globalindo Logistik. This decreases their holdings from 175,818,833 to 0 shares. The stated purpose of the transaction was divestiture.","22.8","0","-22.8","175818833","0","175818833","59327533200","https://www.idx.co.id/StaticData/NewsAndAnnouncement/ANNOUNCEMENTSTOCK/From_KSEI/LK-24092026-3452-00.pdf-0.pdf","","","","","","","","","","","","","","","","","","","","","","","",""
"147f067b-0978-42c2-aab8-1e93cf021f37","2026-09-24T14:27:14","second","NSSS.JK","Samuel Tumbuh Bersama","others","Change in Samuel Tumbuh Bersama's position in Nusantara Sawit Sejahtera","Samuel Tumbuh Bersama executed a transaction for 1,991,243,800 shares of Nusantara Sawit Sejahtera. This decreases their holdings from 5,846,916,900 to 3,855,673,100 shares. The stated purpose of the transaction was share borrowing.","24.57","16.2","-8.37","5846916900","3855673100","1991243800","0","https://www.idx.co.id/StaticData/NewsAndAnnouncement/ANNOUNCEMENTSTOCK/From_KSEI/LK-24092026-4545-00.pdf-0.pdf","2026-09-23T11:54:00","others","32.29","24.57","-7.72","Change in Samuel Tumbuh Bersama's position in Nusantara Sawit Sejahtera","Samuel Tumbuh Bersama executed a transaction for 1,839,440,400 shares of Nusantara Sawit Sejahtera. This decreases their holdings from 7,686,357,300 to 5,846,916,900 shares. The stated purpose of the transaction was share borrowing.","2026-09-23T11:50:18","others","36.75","32.29","-4.46","Change in Samuel Tumbuh Bersama's position in Nusantara Sawit Sejahtera","Samuel Tumbuh Bersama executed a transaction for 1,059,583,200 shares of Nusantara Sawit Sejahtera. This decreases their holdings from 8,745,950,500 to 7,686,357,300 shares. The stated purpose of the transaction was share borrowing.","2026-09-21T11:06:55","others","14.07","21.63","7.56","Change in Samuel Tumbuh Bersama's position in Nusantara Sawit Sejahtera","Samuel Tumbuh Bersama executed a transaction for 1,798,550,000 shares of Nusantara Sawit Sejahtera. This increases their holdings from 3,349,088,700 to 5,147,638,700 shares. The stated purpose of the transaction was share repurchase.","","",""
"356ac1d4-8c5e-4d91-a35b-4c8e4c5b1a48","2026-09-24T17:15:09","second","CPIN.JK","Ubs Ag Ldn Branch A/C Client","sell","Ubs Ag Ldn Branch A/C Client sells shares of Charoen Pokphand Indonesia","This is Ubs Ag Ldn Branch A/C Client's 3rd insider disposal in the last 6 months, totaling a distribution of 8,780,980 shares transacted at an average price of IDR 3,165. Ubs Ag Ldn Branch A/C Client's ownership in Charoen Pokphand Indonesia has decreased from 6.022% to 5.998% in this period.","6.022","5.998","-0.024","987529800","983483167","4046633","12674054556","https://www.idx.co.id/StaticData/NewsAndAnnouncement/ANNOUNCEMENTSTOCK/From_KSEI/LK-24092026-5504-00.pdf-0.pdf","2026-09-21T13:43:49","buy","6","6.019","0.019","Ubs Ag Ldn Branch A/C Client buys shares of Charoen Pokphand Indonesia","Ubs Ag Ldn Branch A/C Client bought 3,206,900 shares of Charoen Pokphand Indonesia. This increases their holdings from 983,805,847 to 987,012,747 shares. The stated purpose of the transaction was ubs purchased shares to hedge its clients' derivatives trading activities..","2026-09-18T16:20:56","sell","6.01","6","-0.01","Ubs Ag Ldn Branch A/C Client sells shares of Charoen Pokphand Indonesia","Ubs Ag Ldn Branch A/C Client sold 1,192,600 shares of Charoen Pokphand Indonesia. This decreases their holdings from 984,998,447 to 983,805,847 shares. The stated purpose of the transaction was ubs sold shares to hedge client derivative trading activities.","2026-09-17T15:08:45","buy","5.99","6.01","0.02","Ubs Ag Ldn Branch A/C Client buys shares of Charoen Pokphand Indonesia","Ubs Ag Ldn Branch A/C Client bought 2,261,447 shares of Charoen Pokphand Indonesia. This increases their holdings from 982,737,000 to 984,998,447 shares. The stated purpose of the transaction was ubs purchased shares to hedge client derivatives trading activities..","","",""
"60d5bb31-7f80-4353-a36d-f4a7232ed495","2026-09-24T10:37:11","second","AKPI.JK","Henry Liem","sell","Henry Liem sells shares of Argha Karya Prima Ind","This is Henry Liem's 40th insider disposal in the last 6 months, totaling a distribution of 8,167,300 shares transacted at an average price of IDR 515. Henry Liem's ownership in Argha Karya Prima Ind has decreased from 1.182% to 1.125% in this period.","1.182","1.125","-0.057","7236659","6886659","350000","177250000","https://www.idx.co.id/StaticData/NewsAndAnnouncement/ANNOUNCEMENTSTOCK/From_KSEI/LK-24092026-2165-00.pdf-0.pdf","2026-09-23T11:28:47","sell","1.256","1.182","-0.074","Henry Liem sells shares of Argha Karya Prima Ind","This is Henry Liem's 39th insider disposal in the last 6 months, totaling a distribution of 7,817,300 shares transacted at an average price of IDR 515. Henry Liem's ownership in Argha Karya Prima Ind has decreased from 1.256% to 1.182% in this period.","2026-09-23T11:28:47","buy","1.223","1.256","0.033","Henry Liem buys shares of Argha Karya Prima Ind","This is Henry Liem's 5th insider purchase in the last 6 months, totaling an accumulation of 863,700 shares transacted at an average price of IDR 483. Henry Liem's ownership in Argha Karya Prima Ind has increased from 1.223% to 1.256% in this period.","2026-09-22T10:00:00","sell","1.228","1.223","-0.005","Henry Liem sells shares of Argha Karya Prima Ind","This is Henry Liem's 38th insider disposal in the last 6 months, totaling a distribution of 7,367,200 shares transacted at an average price of IDR 516. Henry Liem's ownership in Argha Karya Prima Ind has decreased from 1.228% to 1.223% in this period.","","",""
